date,region,year,sum_temp_day,sum_temp_night
2020-01-01,Pauillac,2020,148.15,55.35
2020-01-02,Pauillac,2020,172.35,96.01
2020-01-03,Pauillac,2020,189.39,57.78
2020-01-04,Pauillac,2020,164.39,75.11
2020-01-05,Pauillac,2020,184.25,47.19
2020-01-06,Pauillac,2020,176.36,65.82
2020-01-07,Pauillac,2020,146.56,86.75
2020-01-08,Pauillac,2020,124.67,103.62
2020-01-09,Pauillac,2020,114.68,82.5
2020-01-10,Pauillac,2020,169.27,77.07
2020-01-11,Pauillac,2020,148.51,75.84
2020-01-12,Pauillac,2020,173.89,71.26
2020-01-13,Pauillac,2020,179.33,58.77
2020-01-14,Pauillac,2020,140.77,29.51
2020-01-15,Pauillac,2020,177.01,69.66
2020-01-16,Pauillac,2020,124.4,45.27
2020-01-17,Pauillac,2020,124.38,64.93
2020-01-18,Pauillac,2020,111.87,52.91
2020-01-19,Pauillac,2020,94.85,38.29
2020-01-20,Pauillac,2020,112.12,58.33
2020-01-21,Pauillac,2020,111.25,38.25
2020-01-22,Pauillac,2020,119.16,32.01
2020-01-23,Pauillac,2020,117.45,41.38
2020-01-24,Pauillac,2020,57.56,35.76
2020-01-25,Pauillac,2020,103.56,41.99
2020-01-26,Pauillac,2020,138.33,34.94
2020-01-27,Pauillac,2020,108.85,54.13
2020-01-28,Pauillac,2020,139.99,36.05
2020-01-29,Pauillac,2020,97.14,63.99
2020-01-30,Pauillac,2020,104.16,23.34
2020-01-31,Pauillac,2020,110.96,23.58
2020-02-01,Pauillac,2020,150.87,22.55
2020-02-02,Pauillac,2020,88.58,28.21
2020-02-03,Pauillac,2020,89.07,25.91
2020-02-04,Pauillac,2020,108.52,5.4
2020-02-05,Pauillac,2020,102.96,66.46
2020-02-06,Pauillac,2020,75.8,44.59
2020-02-07,Pauillac,2020,120.95,29.1
2020-02-08,Pauillac,2020,91.28,17.92
2020-02-09,Pauillac,2020,92.88,11.3
2020-02-10,Pauillac,2020,128.04,35.04
2020-02-11,Pauillac,2020,86.3,2.22
2020-02-12,Pauillac,2020,106.28,28.25
2020-02-13,Pauillac,2020,83.0,5.99
2020-02-14,Pauillac,2020,69.26,31.43
2020-02-15,Pauillac,2020,122.38,17.44
2020-02-16,Pauillac,2020,67.4,29.61
2020-02-17,Pauillac,2020,84.15,29.91
2020-02-18,Pauillac,2020,82.5,8.35
2020-02-19,Pauillac,2020,33.25,37.08
2020-02-20,Pauillac,2020,78.26,28.34
2020-02-21,Pauillac,2020,82.28,3.57
2020-02-22,Pauillac,2020,45.28,21.26
2020-02-23,Pauillac,2020,60.58,19.78
2020-02-24,Pauillac,2020,39.15,21.84
2020-02-25,Pauillac,2020,64.98,0.37
2020-02-26,Pauillac,2020,52.49,-8.37
2020-02-27,Pauillac,2020,78.67,16.24
2020-02-28,Pauillac,2020,65.22,-16.06
2020-02-29,Pauillac,2020,58.05,7.5
2020-03-01,Pauillac,2020,39.3,8.36
2020-03-02,Pauillac,2020,73.05,-4.45
2020-03-03,Pauillac,2020,89.87,16.87
2020-03-04,Pauillac,2020,99.6,-5.21
2020-03-05,Pauillac,2020,62.65,-15.89
2020-03-06,Pauillac,2020,48.04,8.06
2020-03-07,Pauillac,2020,78.71,2.66
2020-03-08,Pauillac,2020,53.13,-15.13
2020-03-09,Pauillac,2020,42.48,-11.33
2020-03-10,Pauillac,2020,48.22,-5.9
2020-03-11,Pauillac,2020,61.86,3.43
2020-03-12,Pauillac,2020,76.54,-14.53
2020-03-13,Pauillac,2020,68.23,8.98
2020-03-14,Pauillac,2020,73.85,18.36
2020-03-15,Pauillac,2020,33.71,-6.41
2020-03-16,Pauillac,2020,63.06,7.01
2020-03-17,Pauillac,2020,60.17,-54.59
2020-03-18,Pauillac,2020,43.74,-17.78
2020-03-19,Pauillac,2020,26.58,-17.63
2020-03-20,Pauillac,2020,82.77,-12.41
2020-03-21,Pauillac,2020,36.46,-10.88
2020-03-22,Pauillac,2020,59.66,12.66
2020-03-23,Pauillac,2020,58.43,-8.39
2020-03-24,Pauillac,2020,43.19,-23.99
2020-03-25,Pauillac,2020,20.62,5.86
2020-03-26,Pauillac,2020,56.92,1.71
2020-03-27,Pauillac,2020,33.91,9.38
2020-03-28,Pauillac,2020,88.88,-31.95
2020-03-29,Pauillac,2020,58.08,1.46
2020-03-30,Pauillac,2020,90.52,38.11
2020-03-31,Pauillac,2020,22.42,-18.86
2020-04-01,Pauillac,2020,55.73,-21.54
2020-04-02,Pauillac,2020,103.2,9.74
2020-04-03,Pauillac,2020,102.08,-8.56
2020-04-04,Pauillac,2020,60.22,20.57
2020-04-05,Pauillac,2020,45.13,4.53
2020-04-06,Pauillac,2020,83.24,25.68
2020-04-07,Pauillac,2020,61.23,14.41
2020-04-08,Pauillac,2020,101.46,11.4
2020-04-09,Pauillac,2020,65.18,19.05
2020-04-10,Pauillac,2020,79.62,26.61
2020-04-11,Pauillac,2020,87.65,17.11
2020-04-12,Pauillac,2020,53.81,24.83
2020-04-13,Pauillac,2020,119.71,17.8
2020-04-14,Pauillac,2020,93.53,6.18
2020-04-15,Pauillac,2020,33.48,1.6
2020-04-16,Pauillac,2020,75.21,1.34
2020-04-17,Pauillac,2020,97.87,12.76
2020-04-18,Pauillac,2020,74.73,-23.65
2020-04-19,Pauillac,2020,47.0,-16.35
2020-04-20,Pauillac,2020,68.4,23.78
2020-04-21,Pauillac,2020,60.65,-2.92
2020-04-22,Pauillac,2020,65.72,35.9
2020-04-23,Pauillac,2020,113.63,11.02
2020-04-24,Pauillac,2020,90.88,13.42
2020-04-25,Pauillac,2020,120.15,14.77
2020-04-26,Pauillac,2020,59.28,42.67
2020-04-27,Pauillac,2020,120.61,9.72
2020-04-28,Pauillac,2020,74.73,2.36
2020-04-29,Pauillac,2020,57.94,23.36
2020-04-30,Pauillac,2020,62.93,22.66
2020-05-01,Pauillac,2020,118.44,21.01
2020-05-02,Pauillac,2020,82.02,-17.05
2020-05-03,Pauillac,2020,57.64,20.68
2020-05-04,Pauillac,2020,89.85,-5.12
2020-05-05,Pauillac,2020,115.17,48.03
2020-05-06,Pauillac,2020,77.56,32.8
2020-05-07,Pauillac,2020,113.03,36.71
2020-05-08,Pauillac,2020,64.14,18.95
2020-05-09,Pauillac,2020,110.25,9.39
2020-05-10,Pauillac,2020,120.47,28.66
2020-05-11,Pauillac,2020,129.3,18.13
2020-05-12,Pauillac,2020,104.75,32.2
2020-05-13,Pauillac,2020,142.29,43.52
2020-05-14,Pauillac,2020,163.67,42.57
2020-05-15,Pauillac,2020,146.55,50.22
2020-05-16,Pauillac,2020,117.96,44.39
2020-05-17,Pauillac,2020,77.71,67.4
2020-05-18,Pauillac,2020,158.67,48.25
2020-05-19,Pauillac,2020,122.11,63.73
2020-05-20,Pauillac,2020,104.94,19.57
2020-05-21,Pauillac,2020,95.11,68.61
2020-05-22,Pauillac,2020,125.94,67.5
2020-05-23,Pauillac,2020,157.48,36.66
2020-05-24,Pauillac,2020,157.35,56.36
2020-05-25,Pauillac,2020,132.61,34.84
2020-05-26,Pauillac,2020,130.92,54.38
2020-05-27,Pauillac,2020,143.41,42.49
2020-05-28,Pauillac,2020,128.97,33.11
2020-05-29,Pauillac,2020,150.06,38.9
2020-05-30,Pauillac,2020,104.7,28.91
2020-05-31,Pauillac,2020,124.74,68.17
2020-06-01,Pauillac,2020,170.44,84.26
2020-06-02,Pauillac,2020,125.64,63.54
2020-06-03,Pauillac,2020,187.89,63.77
2020-06-04,Pauillac,2020,148.55,68.92
2020-06-05,Pauillac,2020,134.01,61.37
2020-06-06,Pauillac,2020,116.32,55.19
2020-06-07,Pauillac,2020,166.97,58.36
2020-06-08,Pauillac,2020,117.02,82.83
2020-06-09,Pauillac,2020,145.37,53.07
2020-06-10,Pauillac,2020,157.15,39.0
2020-06-11,Pauillac,2020,156.41,91.32
2020-06-12,Pauillac,2020,164.68,57.38
2020-06-13,Pauillac,2020,142.56,62.68
2020-06-14,Pauillac,2020,169.62,41.12
2020-06-15,Pauillac,2020,160.63,64.55
2020-06-16,Pauillac,2020,126.63,60.59
2020-06-17,Pauillac,2020,151.08,82.44
2020-06-18,Pauillac,2020,150.67,82.4
2020-06-19,Pauillac,2020,191.72,72.96
2020-06-20,Pauillac,2020,179.67,74.41
2020-06-21,Pauillac,2020,212.17,68.71
2020-06-22,Pauillac,2020,174.44,62.22
2020-06-23,Pauillac,2020,157.07,110.04
2020-06-24,Pauillac,2020,173.37,67.83
2020-06-25,Pauillac,2020,167.46,63.52
2020-06-26,Pauillac,2020,200.23,100.13
2020-06-27,Pauillac,2020,226.2,58.74
2020-06-28,Pauillac,2020,194.73,137.07
2020-06-29,Pauillac,2020,244.94,81.27
2020-06-30,Pauillac,2020,196.28,86.73
2020-07-01,Pauillac,2020,202.7,91.22
2020-07-02,Pauillac,2020,217.17,99.79
2020-07-03,Pauillac,2020,205.65,97.61
2020-07-04,Pauillac,2020,184.13,88.36
2020-07-05,Pauillac,2020,156.57,131.19
2020-07-06,Pauillac,2020,209.32,114.5
2020-07-07,Pauillac,2020,184.59,113.94
2020-07-08,Pauillac,2020,250.76,108.6
2020-07-09,Pauillac,2020,224.65,105.01
2020-07-10,Pauillac,2020,182.77,94.19
2020-07-11,Pauillac,2020,227.25,116.11
2020-07-12,Pauillac,2020,250.46,98.56
2020-07-13,Pauillac,2020,188.4,102.93
2020-07-14,Pauillac,2020,212.97,118.64
2020-07-15,Pauillac,2020,232.8,115.96
2020-07-16,Pauillac,2020,246.0,82.73
2020-07-17,Pauillac,2020,260.79,128.17
2020-07-18,Pauillac,2020,221.4,126.2
2020-07-19,Pauillac,2020,245.6,172.19
2020-07-20,Pauillac,2020,244.62,114.68
2020-07-21,Pauillac,2020,233.75,117.39
2020-07-22,Pauillac,2020,256.03,142.86
2020-07-23,Pauillac,2020,251.05,117.67
2020-07-24,Pauillac,2020,263.91,132.88
2020-07-25,Pauillac,2020,218.56,109.58
2020-07-26,Pauillac,2020,251.1,122.9
2020-07-27,Pauillac,2020,283.39,148.24
2020-07-28,Pauillac,2020,313.54,142.28
2020-07-29,Pauillac,2020,222.06,155.03
2020-07-30,Pauillac,2020,255.8,164.82
2020-07-31,Pauillac,2020,276.76,106.89
2020-08-01,Pauillac,2020,282.31,143.77
2020-08-02,Pauillac,2020,248.32,95.76
2020-08-03,Pauillac,2020,238.69,119.8
2020-08-04,Pauillac,2020,236.25,150.03
2020-08-05,Pauillac,2020,236.43,128.56
2020-08-06,Pauillac,2020,202.32,139.61
2020-08-07,Pauillac,2020,272.95,151.83
2020-08-08,Pauillac,2020,243.62,120.05
2020-08-09,Pauillac,2020,261.98,141.56
2020-08-10,Pauillac,2020,303.83,149.99
2020-08-11,Pauillac,2020,285.65,152.7
2020-08-12,Pauillac,2020,307.58,155.88
2020-08-13,Pauillac,2020,229.57,141.38
2020-08-14,Pauillac,2020,234.31,169.54
2020-08-15,Pauillac,2020,316.74,128.0
2020-08-16,Pauillac,2020,242.22,139.74
2020-08-17,Pauillac,2020,264.24,179.4
2020-08-18,Pauillac,2020,314.91,170.83
2020-08-19,Pauillac,2020,309.77,184.62
2020-08-20,Pauillac,2020,270.18,146.52
2020-08-21,Pauillac,2020,291.5,154.82
2020-08-22,Pauillac,2020,323.78,181.25
2020-08-23,Pauillac,2020,276.59,179.62
2020-08-24,Pauillac,2020,291.86,153.98
2020-08-25,Pauillac,2020,285.2,159.47
2020-08-26,Pauillac,2020,302.47,159.92
2020-08-27,Pauillac,2020,287.55,199.11
2020-08-28,Pauillac,2020,277.2,156.67
2020-08-29,Pauillac,2020,314.31,163.78
2020-08-30,Pauillac,2020,320.19,166.52
2020-08-31,Pauillac,2020,321.0,164.95
2020-09-01,Pauillac,2020,294.07,154.62
2020-09-02,Pauillac,2020,286.42,171.04
2020-09-03,Pauillac,2020,331.84,166.99
2020-09-04,Pauillac,2020,307.49,163.88
2020-09-05,Pauillac,2020,338.15,164.96
2020-09-06,Pauillac,2020,235.23,164.45
2020-09-07,Pauillac,2020,259.2,185.41
2020-09-08,Pauillac,2020,271.49,160.96
2020-09-09,Pauillac,2020,312.87,193.21
2020-09-10,Pauillac,2020,313.08,169.06
2020-09-11,Pauillac,2020,304.17,172.29
2020-09-12,Pauillac,2020,329.31,160.17
2020-09-13,Pauillac,2020,305.01,182.25
2020-09-14,Pauillac,2020,307.22,160.1
2020-09-15,Pauillac,2020,250.12,180.02
2020-09-16,Pauillac,2020,292.66,160.73
2020-09-17,Pauillac,2020,308.74,171.8
2020-09-18,Pauillac,2020,283.91,180.27
2020-09-19,Pauillac,2020,330.46,155.09
2020-09-20,Pauillac,2020,246.87,156.26
2020-09-21,Pauillac,2020,318.45,174.02
2020-09-22,Pauillac,2020,313.7,167.07
2020-09-23,Pauillac,2020,323.4,164.51
2020-09-24,Pauillac,2020,305.54,138.47
2020-09-25,Pauillac,2020,269.71,186.76
2020-09-26,Pauillac,2020,290.15,195.99
2020-09-27,Pauillac,2020,330.2,180.47
2020-09-28,Pauillac,2020,284.25,178.89
2020-09-29,Pauillac,2020,311.18,165.47
2020-09-30,Pauillac,2020,350.61,167.42
2020-10-01,Pauillac,2020,275.84,169.02
2020-10-02,Pauillac,2020,306.94,171.29
2020-10-03,Pauillac,2020,270.99,138.08
2020-10-04,Pauillac,2020,292.18,168.06
2020-10-05,Pauillac,2020,317.07,158.82
2020-10-06,Pauillac,2020,299.02,184.95
2020-10-07,Pauillac,2020,299.99,190.54
2020-10-08,Pauillac,2020,292.5,148.72
2020-10-09,Pauillac,2020,278.01,142.66
2020-10-10,Pauillac,2020,282.1,167.54
2020-10-11,Pauillac,2020,288.0,155.62
2020-10-12,Pauillac,2020,337.57,173.05
2020-10-13,Pauillac,2020,290.04,172.32
2020-10-14,Pauillac,2020,285.07,151.67
2020-10-15,Pauillac,2020,283.14,132.1
2020-10-16,Pauillac,2020,303.14,181.19
2020-10-17,Pauillac,2020,269.34,157.33
2020-10-18,Pauillac,2020,344.07,164.13
2020-10-19,Pauillac,2020,242.2,160.04
2020-10-20,Pauillac,2020,280.42,142.85
2020-10-21,Pauillac,2020,286.8,139.74
2020-10-22,Pauillac,2020,253.64,135.86
2020-10-23,Pauillac,2020,297.6,168.36
2020-10-24,Pauillac,2020,307.92,159.49
2020-10-25,Pauillac,2020,294.18,148.47
2020-10-26,Pauillac,2020,277.28,118.41
2020-10-27,Pauillac,2020,264.06,151.12
2020-10-28,Pauillac,2020,288.23,140.19
2020-10-29,Pauillac,2020,299.68,156.45
2020-10-30,Pauillac,2020,258.38,138.42
2020-10-31,Pauillac,2020,245.94,159.52
2020-11-01,Pauillac,2020,300.74,153.48
2020-11-02,Pauillac,2020,278.91,132.87
2020-11-03,Pauillac,2020,275.26,148.7
2020-11-04,Pauillac,2020,260.96,168.24
2020-11-05,Pauillac,2020,274.68,163.98
2020-11-06,Pauillac,2020,262.71,144.18
2020-11-07,Pauillac,2020,277.65,165.26
2020-11-08,Pauillac,2020,281.91,142.15
2020-11-09,Pauillac,2020,238.1,154.5
2020-11-10,Pauillac,2020,258.49,139.13
2020-11-11,Pauillac,2020,245.81,164.33
2020-11-12,Pauillac,2020,243.51,123.94
2020-11-13,Pauillac,2020,223.35,131.38
2020-11-14,Pauillac,2020,201.46,163.03
2020-11-15,Pauillac,2020,233.37,143.14
2020-11-16,Pauillac,2020,294.76,156.67
2020-11-17,Pauillac,2020,210.67,118.99
2020-11-18,Pauillac,2020,225.73,107.01
2020-11-19,Pauillac,2020,221.07,105.79
2020-11-20,Pauillac,2020,249.16,118.69
2020-11-21,Pauillac,2020,211.38,113.37
2020-11-22,Pauillac,2020,254.39,134.18
2020-11-23,Pauillac,2020,245.48,131.82
2020-11-24,Pauillac,2020,234.04,138.62
2020-11-25,Pauillac,2020,260.67,119.81
2020-11-26,Pauillac,2020,176.04,119.81
2020-11-27,Pauillac,2020,229.11,161.44
2020-11-28,Pauillac,2020,238.85,152.49
2020-11-29,Pauillac,2020,241.35,84.64
2020-11-30,Pauillac,2020,235.27,124.14
2020-12-01,Pauillac,2020,183.61,124.98
2020-12-02,Pauillac,2020,251.58,109.15
2020-12-03,Pauillac,2020,220.15,154.16
2020-12-04,Pauillac,2020,181.68,133.76
2020-12-05,Pauillac,2020,210.25,116.36
2020-12-06,Pauillac,2020,216.78,97.26
2020-12-07,Pauillac,2020,226.18,63.47
2020-12-08,Pauillac,2020,259.15,74.35
2020-12-09,Pauillac,2020,246.02,114.12
2020-12-10,Pauillac,2020,194.33,78.87
2020-12-11,Pauillac,2020,214.42,81.42
2020-12-12,Pauillac,2020,172.74,108.92
2020-12-13,Pauillac,2020,174.09,95.55
2020-12-14,Pauillac,2020,203.45,83.32
2020-12-15,Pauillac,2020,156.45,116.12
2020-12-16,Pauillac,2020,172.8,104.15
2020-12-17,Pauillac,2020,186.36,71.66
2020-12-18,Pauillac,2020,151.75,102.88
2020-12-19,Pauillac,2020,171.79,68.21
2020-12-20,Pauillac,2020,169.6,94.92
2020-12-21,Pauillac,2020,152.53,62.28
2020-12-22,Pauillac,2020,151.86,61.79
2020-12-23,Pauillac,2020,174.06,77.54
2020-12-24,Pauillac,2020,161.28,115.73
2020-12-25,Pauillac,2020,171.65,63.13
2020-12-26,Pauillac,2020,186.61,91.03
2020-12-27,Pauillac,2020,183.13,80.0
2020-12-28,Pauillac,2020,175.87,81.7
2020-12-29,Pauillac,2020,149.56,57.59
2020-12-30,Pauillac,2020,134.04,83.27
2020-12-31,Pauillac,2020,202.33,74.7
2021-01-01,Pauillac,2021,145.96,40.1
2021-01-02,Pauillac,2021,175.73,44.59
2021-01-03,Pauillac,2021,189.98,47.85
2021-01-04,Pauillac,2021,167.95,66.77
2021-01-05,Pauillac,2021,148.83,89.81
2021-01-06,Pauillac,2021,126.6,70.17
2021-01-07,Pauillac,2021,166.7,87.89
2021-01-08,Pauillac,2021,156.65,37.16
2021-01-09,Pauillac,2021,134.86,43.49
2021-01-10,Pauillac,2021,154.34,65.12
2021-01-11,Pauillac,2021,112.84,29.52
2021-01-12,Pauillac,2021,145.37,39.7
2021-01-13,Pauillac,2021,139.29,52.9
2021-01-14,Pauillac,2021,132.6,32.8
2021-01-15,Pauillac,2021,135.5,55.57
2021-01-16,Pauillac,2021,110.28,60.73
2021-01-17,Pauillac,2021,121.92,38.04
2021-01-18,Pauillac,2021,121.83,45.65
2021-01-19,Pauillac,2021,123.09,26.22
2021-01-20,Pauillac,2021,164.6,22.11
2021-01-21,Pauillac,2021,154.6,41.19
2021-01-22,Pauillac,2021,88.8,17.43
2021-01-23,Pauillac,2021,16.68,32.21
2021-01-24,Pauillac,2021,148.71,28.87
2021-01-25,Pauillac,2021,111.08,52.08
2021-01-26,Pauillac,2021,117.68,49.84
2021-01-27,Pauillac,2021,149.7,58.31
2021-01-28,Pauillac,2021,116.8,35.93
2021-01-29,Pauillac,2021,123.68,24.73
2021-01-30,Pauillac,2021,107.42,38.22
2021-01-31,Pauillac,2021,99.98,30.96
2021-02-01,Pauillac,2021,60.85,49.61
2021-02-02,Pauillac,2021,87.32,27.7
2021-02-03,Pauillac,2021,118.73,45.0
2021-02-04,Pauillac,2021,65.32,3.54
2021-02-05,Pauillac,2021,114.13,27.16
2021-02-06,Pauillac,2021,64.81,43.67
2021-02-07,Pauillac,2021,99.35,5.51
2021-02-08,Pauillac,2021,56.06,9.59
2021-02-09,Pauillac,2021,124.55,30.68
2021-02-10,Pauillac,2021,93.71,38.84
2021-02-11,Pauillac,2021,92.31,11.55
2021-02-12,Pauillac,2021,51.24,5.05
2021-02-13,Pauillac,2021,106.89,27.44
2021-02-14,Pauillac,2021,86.6,42.13
2021-02-15,Pauillac,2021,63.64,9.32
2021-02-16,Pauillac,2021,81.42,4.3
2021-02-17,Pauillac,2021,109.18,15.12
2021-02-18,Pauillac,2021,88.43,15.61
2021-02-19,Pauillac,2021,65.27,2.88
2021-02-20,Pauillac,2021,65.89,-7.8
2021-02-21,Pauillac,2021,97.2,22.29
2021-02-22,Pauillac,2021,92.92,-5.24
2021-02-23,Pauillac,2021,75.57,22.0
2021-02-24,Pauillac,2021,67.86,6.24
2021-02-25,Pauillac,2021,103.79,34.1
2021-02-26,Pauillac,2021,66.83,-5.66
2021-02-27,Pauillac,2021,18.4,-13.55
2021-02-28,Pauillac,2021,90.67,16.16
2021-03-01,Pauillac,2021,102.85,9.75
2021-03-02,Pauillac,2021,71.71,37.51
2021-03-03,Pauillac,2021,86.23,0.56
2021-03-04,Pauillac,2021,65.67,6.15
2021-03-05,Pauillac,2021,39.72,21.36
2021-03-06,Pauillac,2021,82.2,29.4
2021-03-07,Pauillac,2021,76.79,12.92
2021-03-08,Pauillac,2021,37.56,-10.29
2021-03-09,Pauillac,2021,65.41,4.84
2021-03-10,Pauillac,2021,92.51,-18.37
2021-03-11,Pauillac,2021,69.89,-18.83
2021-03-12,Pauillac,2021,69.7,-16.81
2021-03-13,Pauillac,2021,36.93,-5.1
2021-03-14,Pauillac,2021,80.65,47.29
2021-03-15,Pauillac,2021,69.09,25.72
2021-03-16,Pauillac,2021,26.76,12.15
2021-03-17,Pauillac,2021,21.06,-13.07
2021-03-18,Pauillac,2021,67.95,8.65
2021-03-19,Pauillac,2021,14.42,-5.3
2021-03-20,Pauillac,2021,58.89,-17.09
2021-03-21,Pauillac,2021,55.48,-6.18
2021-03-22,Pauillac,2021,58.27,-17.29
2021-03-23,Pauillac,2021,54.02,0.97
2021-03-24,Pauillac,2021,36.63,10.48
2021-03-25,Pauillac,2021,41.04,8.79
2021-03-26,Pauillac,2021,42.25,27.54
2021-03-27,Pauillac,2021,57.56,33.21
2021-03-28,Pauillac,2021,46.05,7.42
2021-03-29,Pauillac,2021,15.99,4.63
2021-03-30,Pauillac,2021,27.46,-4.77
2021-03-31,Pauillac,2021,22.89,2.94
2021-04-01,Pauillac,2021,108.74,5.66
2021-04-02,Pauillac,2021,65.58,-1.03
2021-04-03,Pauillac,2021,31.89,-29.16
2021-04-04,Pauillac,2021,55.39,-24.44
2021-04-05,Pauillac,2021,52.85,-31.13
2021-04-06,Pauillac,2021,40.94,18.41
2021-04-07,Pauillac,2021,72.99,-9.48
2021-04-08,Pauillac,2021,49.6,5.37
2021-04-09,Pauillac,2021,82.92,-11.95
2021-04-10,Pauillac,2021,59.13,9.11
2021-04-11,Pauillac,2021,60.72,-19.11
2021-04-12,Pauillac,2021,50.69,12.08
2021-04-13,Pauillac,2021,70.12,14.46
2021-04-14,Pauillac,2021,134.99,12.23
2021-04-15,Pauillac,2021,53.02,1.33
2021-04-16,Pauillac,2021,65.83,14.66
2021-04-17,Pauillac,2021,62.62,40.53
2021-04-18,Pauillac,2021,24.21,65.28
2021-04-19,Pauillac,2021,84.43,14.17
2021-04-20,Pauillac,2021,109.34,9.9
2021-04-21,Pauillac,2021,54.76,-0.77
2021-04-22,Pauillac,2021,39.76,8.25
2021-04-23,Pauillac,2021,78.08,3.27
2021-04-24,Pauillac,2021,89.99,34.15
2021-04-25,Pauillac,2021,67.67,-13.66
2021-04-26,Pauillac,2021,101.28,7.8
2021-04-27,Pauillac,2021,52.38,15.18
2021-04-28,Pauillac,2021,68.12,-0.22
2021-04-29,Pauillac,2021,125.15,21.85
2021-04-30,Pauillac,2021,67.02,26.26
2021-05-01,Pauillac,2021,106.92,43.8
2021-05-02,Pauillac,2021,95.9,10.1
2021-05-03,Pauillac,2021,45.57,20.23
2021-05-04,Pauillac,2021,106.07,31.36
2021-05-05,Pauillac,2021,79.59,24.08
2021-05-06,Pauillac,2021,83.69,0.72
2021-05-07,Pauillac,2021,91.33,17.84
2021-05-08,Pauillac,2021,104.05,19.11
2021-05-09,Pauillac,2021,136.32,52.67
2021-05-10,Pauillac,2021,87.98,23.88
2021-05-11,Pauillac,2021,95.92,-3.76
2021-05-12,Pauillac,2021,145.93,46.93
2021-05-13,Pauillac,2021,61.56,70.36
2021-05-14,Pauillac,2021,67.66,48.7
2021-05-15,Pauillac,2021,108.5,18.6
2021-05-16,Pauillac,2021,67.36,14.53
2021-05-17,Pauillac,2021,116.44,41.57
2021-05-18,Pauillac,2021,122.43,16.01
2021-05-19,Pauillac,2021,126.13,25.76
2021-05-20,Pauillac,2021,141.93,58.3
2021-05-21,Pauillac,2021,150.99,49.26
2021-05-22,Pauillac,2021,137.68,63.65
2021-05-23,Pauillac,2021,104.76,35.3
2021-05-24,Pauillac,2021,126.43,39.34
2021-05-25,Pauillac,2021,109.35,48.24
2021-05-26,Pauillac,2021,102.32,48.58
2021-05-27,Pauillac,2021,105.33,65.13
2021-05-28,Pauillac,2021,87.53,67.91
2021-05-29,Pauillac,2021,139.73,51.77
2021-05-30,Pauillac,2021,155.9,98.54
2021-05-31,Pauillac,2021,118.93,46.31
2021-06-01,Pauillac,2021,119.9,43.94
2021-06-02,Pauillac,2021,122.88,57.26
2021-06-03,Pauillac,2021,168.81,35.91
2021-06-04,Pauillac,2021,98.05,19.45
2021-06-05,Pauillac,2021,108.67,13.49
2021-06-06,Pauillac,2021,112.51,77.17
2021-06-07,Pauillac,2021,143.63,75.67
2021-06-08,Pauillac,2021,136.53,70.86
2021-06-09,Pauillac,2021,133.53,73.34
2021-06-10,Pauillac,2021,171.94,71.39
2021-06-11,Pauillac,2021,134.74,66.84
2021-06-12,Pauillac,2021,201.01,45.47
2021-06-13,Pauillac,2021,176.21,53.25
2021-06-14,Pauillac,2021,161.58,56.5
2021-06-15,Pauillac,2021,131.74,81.12
2021-06-16,Pauillac,2021,163.37,98.1
2021-06-17,Pauillac,2021,197.92,100.05
2021-06-18,Pauillac,2021,176.24,41.9
2021-06-19,Pauillac,2021,154.44,61.27
2021-06-20,Pauillac,2021,163.04,83.37
2021-06-21,Pauillac,2021,176.62,65.18
2021-06-22,Pauillac,2021,170.28,90.13
2021-06-23,Pauillac,2021,201.06,114.4
2021-06-24,Pauillac,2021,136.84,97.03
2021-06-25,Pauillac,2021,220.72,97.86
2021-06-26,Pauillac,2021,191.29,48.73
2021-06-27,Pauillac,2021,206.72,105.6
2021-06-28,Pauillac,2021,152.72,102.58
2021-06-29,Pauillac,2021,208.08,112.72
2021-06-30,Pauillac,2021,212.55,112.18
2021-07-01,Pauillac,2021,202.41,109.05
2021-07-02,Pauillac,2021,162.85,101.85
2021-07-03,Pauillac,2021,200.04,118.85
2021-07-04,Pauillac,2021,239.0,127.91
2021-07-05,Pauillac,2021,212.62,116.87
2021-07-06,Pauillac,2021,196.97,109.85
2021-07-07,Pauillac,2021,237.62,78.24
2021-07-08,Pauillac,2021,252.07,108.33
2021-07-09,Pauillac,2021,223.05,108.32
2021-07-10,Pauillac,2021,257.78,103.35
2021-07-11,Pauillac,2021,309.15,109.99
2021-07-12,Pauillac,2021,212.57,146.57
2021-07-13,Pauillac,2021,273.87,101.9
2021-07-14,Pauillac,2021,221.35,128.41
2021-07-15,Pauillac,2021,222.21,101.85
2021-07-16,Pauillac,2021,197.38,137.46
2021-07-17,Pauillac,2021,229.75,109.49
2021-07-18,Pauillac,2021,258.47,118.36
2021-07-19,Pauillac,2021,216.62,107.92
2021-07-20,Pauillac,2021,217.12,99.17
2021-07-21,Pauillac,2021,241.79,111.21
2021-07-22,Pauillac,2021,216.73,126.05
2021-07-23,Pauillac,2021,237.8,140.3
2021-07-24,Pauillac,2021,261.02,134.33
2021-07-25,Pauillac,2021,253.39,132.46
2021-07-26,Pauillac,2021,254.03,122.54
2021-07-27,Pauillac,2021,214.12,153.19
2021-07-28,Pauillac,2021,273.88,159.59
2021-07-29,Pauillac,2021,237.66,114.41
2021-07-30,Pauillac,2021,247.45,163.53
2021-07-31,Pauillac,2021,267.29,140.82
2021-08-01,Pauillac,2021,239.67,142.89
2021-08-02,Pauillac,2021,256.8,109.1
2021-08-03,Pauillac,2021,257.48,126.55
2021-08-04,Pauillac,2021,279.22,140.58
2021-08-05,Pauillac,2021,283.59,144.04
2021-08-06,Pauillac,2021,256.64,136.8
2021-08-07,Pauillac,2021,287.91,148.79
2021-08-08,Pauillac,2021,282.51,170.38
2021-08-09,Pauillac,2021,293.91,197.5
2021-08-10,Pauillac,2021,269.15,132.67
2021-08-11,Pauillac,2021,276.18,187.01
2021-08-12,Pauillac,2021,261.64,142.2
2021-08-13,Pauillac,2021,285.13,161.98
2021-08-14,Pauillac,2021,268.47,130.79
2021-08-15,Pauillac,2021,286.11,165.84
2021-08-16,Pauillac,2021,317.51,178.28
2021-08-17,Pauillac,2021,291.55,166.95
2021-08-18,Pauillac,2021,284.01,150.51
2021-08-19,Pauillac,2021,269.25,135.31
2021-08-20,Pauillac,2021,289.86,165.26
2021-08-21,Pauillac,2021,263.4,145.07
2021-08-22,Pauillac,2021,270.89,154.92
2021-08-23,Pauillac,2021,288.11,151.2
2021-08-24,Pauillac,2021,293.25,141.4
2021-08-25,Pauillac,2021,261.93,152.54
2021-08-26,Pauillac,2021,292.14,138.01
2021-08-27,Pauillac,2021,297.78,172.24
2021-08-28,Pauillac,2021,303.6,158.76
2021-08-29,Pauillac,2021,312.71,161.51
2021-08-30,Pauillac,2021,256.01,179.04
2021-08-31,Pauillac,2021,304.02,142.51
2021-09-01,Pauillac,2021,326.78,143.09
2021-09-02,Pauillac,2021,285.05,166.01
2021-09-03,Pauillac,2021,248.36,177.88
2021-09-04,Pauillac,2021,341.65,166.35
2021-09-05,Pauillac,2021,317.01,164.08
2021-09-06,Pauillac,2021,302.11,158.3
2021-09-07,Pauillac,2021,254.29,164.87
2021-09-08,Pauillac,2021,281.96,166.17
2021-09-09,Pauillac,2021,360.11,159.61
2021-09-10,Pauillac,2021,287.7,152.37
2021-09-11,Pauillac,2021,288.2,158.9
2021-09-12,Pauillac,2021,330.85,140.54
2021-09-13,Pauillac,2021,310.71,192.07
2021-09-14,Pauillac,2021,336.19,137.75
2021-09-15,Pauillac,2021,301.63,169.51
2021-09-16,Pauillac,2021,318.09,176.81
2021-09-17,Pauillac,2021,293.18,161.72
2021-09-18,Pauillac,2021,294.47,184.92
2021-09-19,Pauillac,2021,285.17,180.67
2021-09-20,Pauillac,2021,283.88,173.82
2021-09-21,Pauillac,2021,295.67,192.51
2021-09-22,Pauillac,2021,327.62,165.23
2021-09-23,Pauillac,2021,262.24,156.97
2021-09-24,Pauillac,2021,303.78,178.63
2021-09-25,Pauillac,2021,300.55,194.82
2021-09-26,Pauillac,2021,301.48,157.29
2021-09-27,Pauillac,2021,285.18,155.17
2021-09-28,Pauillac,2021,308.48,186.84
2021-09-29,Pauillac,2021,287.77,179.37
2021-09-30,Pauillac,2021,275.84,165.44
2021-10-01,Pauillac,2021,286.25,199.63
2021-10-02,Pauillac,2021,291.66,154.43
2021-10-03,Pauillac,2021,328.61,178.49
2021-10-04,Pauillac,2021,283.88,128.06
2021-10-05,Pauillac,2021,316.65,157.18
2021-10-06,Pauillac,2021,284.79,150.11
2021-10-07,Pauillac,2021,287.68,144.3
2021-10-08,Pauillac,2021,321.19,186.96
2021-10-09,Pauillac,2021,276.18,179.29
2021-10-10,Pauillac,2021,278.54,161.88
2021-10-11,Pauillac,2021,235.31,172.41
2021-10-12,Pauillac,2021,258.48,138.12
2021-10-13,Pauillac,2021,302.18,170.78
2021-10-14,Pauillac,2021,282.14,153.89
2021-10-15,Pauillac,2021,301.97,196.47
2021-10-16,Pauillac,2021,308.2,184.18
2021-10-17,Pauillac,2021,262.76,172.02
2021-10-18,Pauillac,2021,291.34,148.03
2021-10-19,Pauillac,2021,274.62,138.89
2021-10-20,Pauillac,2021,254.56,148.09
2021-10-21,Pauillac,2021,330.82,161.01
2021-10-22,Pauillac,2021,293.28,159.08
2021-10-23,Pauillac,2021,265.45,181.33
2021-10-24,Pauillac,2021,246.5,130.61
2021-10-25,Pauillac,2021,296.65,175.94
2021-10-26,Pauillac,2021,308.63,147.57
2021-10-27,Pauillac,2021,264.39,123.51
2021-10-28,Pauillac,2021,284.12,168.32
2021-10-29,Pauillac,2021,262.73,128.43
2021-10-30,Pauillac,2021,270.88,166.58
2021-10-31,Pauillac,2021,242.0,152.63
2021-11-01,Pauillac,2021,252.22,144.91
2021-11-02,Pauillac,2021,281.3,146.87
2021-11-03,Pauillac,2021,297.29,152.83
2021-11-04,Pauillac,2021,254.12,130.58
2021-11-05,Pauillac,2021,245.8,158.61
2021-11-06,Pauillac,2021,253.01,135.44
2021-11-07,Pauillac,2021,247.77,156.27
2021-11-08,Pauillac,2021,290.86,150.41
2021-11-09,Pauillac,2021,255.5,134.8
2021-11-10,Pauillac,2021,215.41,124.36
2021-11-11,Pauillac,2021,273.54,134.33
2021-11-12,Pauillac,2021,254.47,141.8
2021-11-13,Pauillac,2021,239.66,95.4
2021-11-14,Pauillac,2021,206.57,151.13
2021-11-15,Pauillac,2021,212.25,143.86
2021-11-16,Pauillac,2021,278.39,124.21
2021-11-17,Pauillac,2021,267.58,140.84
2021-11-18,Pauillac,2021,220.44,118.83
2021-11-19,Pauillac,2021,239.22,133.1
2021-11-20,Pauillac,2021,232.69,109.73
2021-11-21,Pauillac,2021,241.73,124.02
2021-11-22,Pauillac,2021,227.48,119.62
2021-11-23,Pauillac,2021,225.54,97.94
2021-11-24,Pauillac,2021,204.33,117.13
2021-11-25,Pauillac,2021,245.58,62.78
2021-11-26,Pauillac,2021,186.1,111.7
2021-11-27,Pauillac,2021,218.03,126.63
2021-11-28,Pauillac,2021,240.96,144.94
2021-11-29,Pauillac,2021,219.66,122.39
2021-11-30,Pauillac,2021,215.01,110.47
2021-12-01,Pauillac,2021,196.84,85.17
2021-12-02,Pauillac,2021,202.37,119.54
2021-12-03,Pauillac,2021,222.71,106.2
2021-12-04,Pauillac,2021,214.33,91.05
2021-12-05,Pauillac,2021,204.59,110.66
2021-12-06,Pauillac,2021,205.35,145.55
2021-12-07,Pauillac,2021,230.05,86.01
2021-12-08,Pauillac,2021,210.72,104.54
2021-12-09,Pauillac,2021,181.03,111.62
2021-12-10,Pauillac,2021,152.02,96.32
2021-12-11,Pauillac,2021,213.75,118.54
2021-12-12,Pauillac,2021,193.5,109.5
2021-12-13,Pauillac,2021,192.39,90.76
2021-12-14,Pauillac,2021,191.24,104.55
2021-12-15,Pauillac,2021,207.35,107.36
2021-12-16,Pauillac,2021,192.2,95.05
2021-12-17,Pauillac,2021,187.67,92.51
2021-12-18,Pauillac,2021,179.85,71.62
2021-12-19,Pauillac,2021,159.19,76.04
2021-12-20,Pauillac,2021,147.71,93.53
2021-12-21,Pauillac,2021,174.09,76.09
2021-12-22,Pauillac,2021,199.88,84.25
2021-12-23,Pauillac,2021,156.75,100.3
2021-12-24,Pauillac,2021,165.91,82.07
2021-12-25,Pauillac,2021,165.18,83.83
2021-12-26,Pauillac,2021,156.27,83.88
2021-12-27,Pauillac,2021,172.68,64.04
2021-12-28,Pauillac,2021,139.82,82.71
2021-12-29,Pauillac,2021,152.39,55.09
2021-12-30,Pauillac,2021,162.19,36.26
2021-12-31,Pauillac,2021,137.22,64.3
2022-01-01,Pauillac,2022,175.14,79.03
2022-01-02,Pauillac,2022,114.11,58.29
2022-01-03,Pauillac,2022,164.67,73.45
2022-01-04,Pauillac,2022,142.72,53.93
2022-01-05,Pauillac,2022,105.78,90.04
2022-01-06,Pauillac,2022,157.57,71.52
2022-01-07,Pauillac,2022,105.62,56.2
2022-01-08,Pauillac,2022,143.52,50.29
2022-01-09,Pauillac,2022,149.36,67.49
2022-01-10,Pauillac,2022,161.8,60.3
2022-01-11,Pauillac,2022,151.54,43.02
2022-01-12,Pauillac,2022,131.57,76.06
2022-01-13,Pauillac,2022,147.45,50.56
2022-01-14,Pauillac,2022,134.89,71.48
2022-01-15,Pauillac,2022,92.44,60.6
2022-01-16,Pauillac,2022,106.68,10.63
2022-01-17,Pauillac,2022,83.21,41.36
2022-01-18,Pauillac,2022,130.89,58.22
2022-01-19,Pauillac,2022,112.94,43.66
2022-01-20,Pauillac,2022,89.87,30.09
2022-01-21,Pauillac,2022,140.1,45.14
2022-01-22,Pauillac,2022,115.59,37.6
2022-01-23,Pauillac,2022,93.98,54.48
2022-01-24,Pauillac,2022,123.59,38.92
2022-01-25,Pauillac,2022,62.57,41.73
2022-01-26,Pauillac,2022,97.87,50.13
2022-01-27,Pauillac,2022,108.43,35.25
2022-01-28,Pauillac,2022,93.32,48.0
2022-01-29,Pauillac,2022,131.94,30.95
2022-01-30,Pauillac,2022,82.01,3.1
2022-01-31,Pauillac,2022,92.12,34.48
2022-02-01,Pauillac,2022,109.66,12.08
2022-02-02,Pauillac,2022,82.43,70.91
2022-02-03,Pauillac,2022,133.09,15.64
2022-02-04,Pauillac,2022,85.0,14.22
2022-02-05,Pauillac,2022,97.44,14.28
2022-02-06,Pauillac,2022,122.11,8.78
2022-02-07,Pauillac,2022,91.75,-3.21
2022-02-08,Pauillac,2022,96.54,-17.44
2022-02-09,Pauillac,2022,116.72,10.6
2022-02-10,Pauillac,2022,88.26,-0.61
2022-02-11,Pauillac,2022,91.84,20.8
2022-02-12,Pauillac,2022,117.74,24.7
2022-02-13,Pauillac,2022,88.52,20.22
2022-02-14,Pauillac,2022,70.62,29.33
2022-02-15,Pauillac,2022,95.96,25.06
2022-02-16,Pauillac,2022,93.66,12.98
2022-02-17,Pauillac,2022,52.09,15.79
2022-02-18,Pauillac,2022,25.9,-17.44
2022-02-19,Pauillac,2022,88.52,-1.85
2022-02-20,Pauillac,2022,40.74,-7.21
2022-02-21,Pauillac,2022,64.71,16.9
2022-02-22,Pauillac,2022,79.93,23.57
2022-02-23,Pauillac,2022,72.89,9.12
2022-02-24,Pauillac,2022,26.86,7.38
2022-02-25,Pauillac,2022,85.62,21.68
2022-02-26,Pauillac,2022,73.62,12.1
2022-02-27,Pauillac,2022,60.88,-7.83
2022-02-28,Pauillac,2022,48.07,11.92
2022-03-01,Pauillac,2022,46.25,-13.17
2022-03-02,Pauillac,2022,70.43,-18.6
2022-03-03,Pauillac,2022,55.25,-9.97
2022-03-04,Pauillac,2022,115.07,-16.32
2022-03-05,Pauillac,2022,83.28,35.64
2022-03-06,Pauillac,2022,119.23,0.13
2022-03-07,Pauillac,2022,43.12,8.61
2022-03-08,Pauillac,2022,70.38,-20.48
2022-03-09,Pauillac,2022,70.87,26.18
2022-03-10,Pauillac,2022,88.16,4.23
2022-03-11,Pauillac,2022,44.99,-4.32
2022-03-12,Pauillac,2022,66.45,-13.37
2022-03-13,Pauillac,2022,42.28,5.31
2022-03-14,Pauillac,2022,64.34,40.91
2022-03-15,Pauillac,2022,70.62,3.04
2022-03-16,Pauillac,2022,36.5,-18.4
2022-03-17,Pauillac,2022,66.92,24.03
2022-03-18,Pauillac,2022,104.91,-8.32
2022-03-19,Pauillac,2022,73.83,7.72
2022-03-20,Pauillac,2022,18.49,9.08
2022-03-21,Pauillac,2022,41.45,-9.42
2022-03-22,Pauillac,2022,50.4,30.93
2022-03-23,Pauillac,2022,76.46,-9.09
2022-03-24,Pauillac,2022,67.13,28.29
2022-03-25,Pauillac,2022,50.18,21.9
2022-03-26,Pauillac,2022,65.11,-20.63
2022-03-27,Pauillac,2022,54.75,-29.02
2022-03-28,Pauillac,2022,57.23,16.72
2022-03-29,Pauillac,2022,83.35,34.16
2022-03-30,Pauillac,2022,29.05,15.59
2022-03-31,Pauillac,2022,55.55,15.0
2022-04-01,Pauillac,2022,33.92,12.45
2022-04-02,Pauillac,2022,126.71,-13.53
2022-04-03,Pauillac,2022,79.97,8.45
2022-04-04,Pauillac,2022,107.78,21.58
2022-04-05,Pauillac,2022,71.91,13.26
2022-04-06,Pauillac,2022,40.35,6.25
2022-04-07,Pauillac,2022,15.28,-9.07
2022-04-08,Pauillac,2022,44.37,-0.35
2022-04-09,Pauillac,2022,51.47,11.54
2022-04-10,Pauillac,2022,91.25,22.68
2022-04-11,Pauillac,2022,48.29,-25.16
2022-04-12,Pauillac,2022,92.92,18.77
2022-04-13,Pauillac,2022,61.95,22.86
2022-04-14,Pauillac,2022,53.68,38.8
2022-04-15,Pauillac,2022,30.33,38.25
2022-04-16,Pauillac,2022,54.51,36.77
2022-04-17,Pauillac,2022,72.48,7.88
2022-04-18,Pauillac,2022,36.88,-1.44
2022-04-19,Pauillac,2022,60.29,12.9
2022-04-20,Pauillac,2022,45.89,5.51
2022-04-21,Pauillac,2022,67.83,26.41
2022-04-22,Pauillac,2022,107.01,25.93
2022-04-23,Pauillac,2022,80.82,38.98
2022-04-24,Pauillac,2022,86.81,8.0
2022-04-25,Pauillac,2022,65.1,7.69
2022-04-26,Pauillac,2022,79.23,34.58
2022-04-27,Pauillac,2022,111.46,23.72
2022-04-28,Pauillac,2022,41.68,5.19
2022-04-29,Pauillac,2022,94.67,39.11
2022-04-30,Pauillac,2022,123.98,2.52
2022-05-01,Pauillac,2022,65.7,1.64
2022-05-02,Pauillac,2022,73.27,21.5
2022-05-03,Pauillac,2022,70.1,7.72
2022-05-04,Pauillac,2022,83.12,29.53
2022-05-05,Pauillac,2022,81.68,30.07
2022-05-06,Pauillac,2022,51.19,14.34
2022-05-07,Pauillac,2022,97.23,-0.62
2022-05-08,Pauillac,2022,96.17,26.02
2022-05-09,Pauillac,2022,124.16,37.44
2022-05-10,Pauillac,2022,57.84,10.36
2022-05-11,Pauillac,2022,100.82,26.15
2022-05-12,Pauillac,2022,106.94,11.95
2022-05-13,Pauillac,2022,171.9,22.84
2022-05-14,Pauillac,2022,103.75,50.46
2022-05-15,Pauillac,2022,65.01,47.87
2022-05-16,Pauillac,2022,116.15,26.76
2022-05-17,Pauillac,2022,156.09,36.97
2022-05-18,Pauillac,2022,112.25,48.46
2022-05-19,Pauillac,2022,75.69,24.21
2022-05-20,Pauillac,2022,93.33,44.01
2022-05-21,Pauillac,2022,149.6,4.52
2022-05-22,Pauillac,2022,135.15,46.64
2022-05-23,Pauillac,2022,114.68,33.35
2022-05-24,Pauillac,2022,145.7,66.75
2022-05-25,Pauillac,2022,132.4,18.91
2022-05-26,Pauillac,2022,99.51,52.06
2022-05-27,Pauillac,2022,142.18,46.34
2022-05-28,Pauillac,2022,143.02,50.33
2022-05-29,Pauillac,2022,108.55,55.03
2022-05-30,Pauillac,2022,152.41,69.86
2022-05-31,Pauillac,2022,143.7,42.28
2022-06-01,Pauillac,2022,173.63,-3.71
2022-06-02,Pauillac,2022,135.23,52.35
2022-06-03,Pauillac,2022,123.51,57.81
2022-06-04,Pauillac,2022,157.72,75.28
2022-06-05,Pauillac,2022,175.91,37.08
2022-06-06,Pauillac,2022,157.71,68.99
2022-06-07,Pauillac,2022,161.34,70.83
2022-06-08,Pauillac,2022,144.21,70.58
2022-06-09,Pauillac,2022,151.54,102.36
2022-06-10,Pauillac,2022,130.88,50.93
2022-06-11,Pauillac,2022,159.56,66.12
2022-06-12,Pauillac,2022,111.25,46.47
2022-06-13,Pauillac,2022,154.84,116.96
2022-06-14,Pauillac,2022,158.01,75.84
2022-06-15,Pauillac,2022,165.6,73.73
2022-06-16,Pauillac,2022,151.4,101.05
2022-06-17,Pauillac,2022,161.55,77.41
2022-06-18,Pauillac,2022,187.18,66.72
2022-06-19,Pauillac,2022,194.56,80.39
2022-06-20,Pauillac,2022,147.23,85.54
2022-06-21,Pauillac,2022,184.76,79.68
2022-06-22,Pauillac,2022,113.06,69.02
2022-06-23,Pauillac,2022,181.96,78.78
2022-06-24,Pauillac,2022,156.45,107.3
2022-06-25,Pauillac,2022,243.62,100.42
2022-06-26,Pauillac,2022,182.84,94.14
2022-06-27,Pauillac,2022,194.44,95.21
2022-06-28,Pauillac,2022,166.57,80.66
2022-06-29,Pauillac,2022,241.78,100.57
2022-06-30,Pauillac,2022,233.14,104.98
2022-07-01,Pauillac,2022,215.89,96.82
2022-07-02,Pauillac,2022,188.18,86.23
2022-07-03,Pauillac,2022,217.59,85.94
2022-07-04,Pauillac,2022,211.92,95.3
2022-07-05,Pauillac,2022,213.79,114.36
2022-07-06,Pauillac,2022,205.62,102.34
2022-07-07,Pauillac,2022,205.83,82.88
2022-07-08,Pauillac,2022,223.38,108.48
2022-07-09,Pauillac,2022,206.88,124.83
2022-07-10,Pauillac,2022,213.07,97.31
2022-07-11,Pauillac,2022,205.76,127.14
2022-07-12,Pauillac,2022,205.1,90.86
2022-07-13,Pauillac,2022,235.4,119.29
2022-07-14,Pauillac,2022,237.96,141.13
2022-07-15,Pauillac,2022,219.2,122.9
2022-07-16,Pauillac,2022,219.46,112.22
2022-07-17,Pauillac,2022,234.39,136.67
2022-07-18,Pauillac,2022,258.21,106.24
2022-07-19,Pauillac,2022,183.93,123.03
2022-07-20,Pauillac,2022,230.79,89.72
2022-07-21,Pauillac,2022,260.3,130.78
2022-07-22,Pauillac,2022,226.09,143.32
2022-07-23,Pauillac,2022,210.98,129.28
2022-07-24,Pauillac,2022,249.67,124.85
2022-07-25,Pauillac,2022,257.59,125.79
2022-07-26,Pauillac,2022,243.88,132.49
2022-07-27,Pauillac,2022,243.36,147.62
2022-07-28,Pauillac,2022,286.56,145.13
2022-07-29,Pauillac,2022,263.25,158.5
2022-07-30,Pauillac,2022,209.1,143.2
2022-07-31,Pauillac,2022,257.16,165.74
2022-08-01,Pauillac,2022,279.21,111.98
2022-08-02,Pauillac,2022,267.96,94.62
2022-08-03,Pauillac,2022,291.05,126.95
2022-08-04,Pauillac,2022,244.54,143.17
2022-08-05,Pauillac,2022,253.88,134.98
2022-08-06,Pauillac,2022,274.92,150.4
2022-08-07,Pauillac,2022,245.09,168.55
2022-08-08,Pauillac,2022,262.33,105.39
2022-08-09,Pauillac,2022,252.27,144.58
2022-08-10,Pauillac,2022,291.63,131.74
2022-08-11,Pauillac,2022,305.07,114.67
2022-08-12,Pauillac,2022,299.23,147.91
2022-08-13,Pauillac,2022,262.78,169.07
2022-08-14,Pauillac,2022,233.81,119.57
2022-08-15,Pauillac,2022,291.74,139.3
2022-08-16,Pauillac,2022,300.52,152.47
2022-08-17,Pauillac,2022,294.88,149.2
2022-08-18,Pauillac,2022,282.59,113.26
2022-08-19,Pauillac,2022,320.59,139.04
2022-08-20,Pauillac,2022,261.25,150.64
2022-08-21,Pauillac,2022,288.86,177.14
2022-08-22,Pauillac,2022,262.41,115.96
2022-08-23,Pauillac,2022,285.68,171.33
2022-08-24,Pauillac,2022,239.72,182.58
2022-08-25,Pauillac,2022,281.1,143.52
2022-08-26,Pauillac,2022,320.96,152.93
2022-08-27,Pauillac,2022,325.2,114.06
2022-08-28,Pauillac,2022,287.49,141.02
2022-08-29,Pauillac,2022,314.13,184.92
2022-08-30,Pauillac,2022,283.99,188.76
2022-08-31,Pauillac,2022,322.78,153.59
2022-09-01,Pauillac,2022,247.37,181.0
2022-09-02,Pauillac,2022,246.0,168.09
2022-09-03,Pauillac,2022,316.75,167.53
2022-09-04,Pauillac,2022,318.27,175.28
2022-09-05,Pauillac,2022,277.3,169.62
2022-09-06,Pauillac,2022,291.74,171.18
2022-09-07,Pauillac,2022,247.63,127.63
2022-09-08,Pauillac,2022,304.31,192.85
2022-09-09,Pauillac,2022,286.63,168.18
2022-09-10,Pauillac,2022,303.36,139.73
2022-09-11,Pauillac,2022,316.99,153.28
2022-09-12,Pauillac,2022,302.69,167.81
2022-09-13,Pauillac,2022,287.35,188.62
2022-09-14,Pauillac,2022,278.57,192.22
2022-09-15,Pauillac,2022,305.5,157.08
2022-09-16,Pauillac,2022,331.09,195.84
2022-09-17,Pauillac,2022,345.41,178.49
2022-09-18,Pauillac,2022,267.38,189.39
2022-09-19,Pauillac,2022,300.82,186.67
2022-09-20,Pauillac,2022,282.84,144.52
2022-09-21,Pauillac,2022,308.22,157.4
2022-09-22,Pauillac,2022,321.38,170.16
2022-09-23,Pauillac,2022,279.87,175.06
2022-09-24,Pauillac,2022,264.22,172.69
2022-09-25,Pauillac,2022,281.95,168.1
2022-09-26,Pauillac,2022,291.97,136.74
2022-09-27,Pauillac,2022,324.9,182.95
2022-09-28,Pauillac,2022,299.89,182.79
2022-09-29,Pauillac,2022,291.02,148.43
2022-09-30,Pauillac,2022,308.41,155.46
2022-10-01,Pauillac,2022,254.19,166.09
2022-10-02,Pauillac,2022,320.47,150.87
2022-10-03,Pauillac,2022,258.78,157.23
2022-10-04,Pauillac,2022,286.69,165.85
2022-10-05,Pauillac,2022,305.55,164.2
2022-10-06,Pauillac,2022,266.15,161.32
2022-10-07,Pauillac,2022,302.12,166.67
2022-10-08,Pauillac,2022,318.0,161.68
2022-10-09,Pauillac,2022,314.72,163.25
2022-10-10,Pauillac,2022,278.18,183.53
2022-10-11,Pauillac,2022,332.58,186.09
2022-10-12,Pauillac,2022,281.16,163.93
2022-10-13,Pauillac,2022,290.04,164.0
2022-10-14,Pauillac,2022,276.89,174.49
2022-10-15,Pauillac,2022,294.32,200.27
2022-10-16,Pauillac,2022,273.58,162.62
2022-10-17,Pauillac,2022,256.72,178.7
2022-10-18,Pauillac,2022,282.67,147.69
2022-10-19,Pauillac,2022,326.89,172.13
2022-10-20,Pauillac,2022,332.11,146.32
2022-10-21,Pauillac,2022,293.34,158.47
2022-10-22,Pauillac,2022,261.47,156.74
2022-10-23,Pauillac,2022,275.01,156.61
2022-10-24,Pauillac,2022,287.39,181.17
2022-10-25,Pauillac,2022,272.93,155.39
2022-10-26,Pauillac,2022,308.48,157.16
2022-10-27,Pauillac,2022,293.32,141.78
2022-10-28,Pauillac,2022,298.81,158.16
2022-10-29,Pauillac,2022,268.07,154.32
2022-10-30,Pauillac,2022,262.25,172.0
2022-10-31,Pauillac,2022,276.22,158.89
2022-11-01,Pauillac,2022,251.64,117.2
2022-11-02,Pauillac,2022,317.44,165.34
2022-11-03,Pauillac,2022,238.92,133.05
2022-11-04,Pauillac,2022,235.63,161.7
2022-11-05,Pauillac,2022,251.81,143.24
2022-11-06,Pauillac,2022,285.85,136.46
2022-11-07,Pauillac,2022,238.97,153.81
2022-11-08,Pauillac,2022,265.76,138.78
2022-11-09,Pauillac,2022,289.13,116.53
2022-11-10,Pauillac,2022,283.42,154.27
2022-11-11,Pauillac,2022,259.42,147.87
2022-11-12,Pauillac,2022,215.48,127.08
2022-11-13,Pauillac,2022,258.27,142.96
2022-11-14,Pauillac,2022,246.12,163.27
2022-11-15,Pauillac,2022,243.9,122.35
2022-11-16,Pauillac,2022,259.52,116.64
2022-11-17,Pauillac,2022,263.47,157.55
2022-11-18,Pauillac,2022,257.59,127.7
2022-11-19,Pauillac,2022,249.78,90.26
2022-11-20,Pauillac,2022,275.05,148.61
2022-11-21,Pauillac,2022,250.56,106.92
2022-11-22,Pauillac,2022,228.7,131.22
2022-11-23,Pauillac,2022,238.11,154.61
2022-11-24,Pauillac,2022,218.81,133.54
2022-11-25,Pauillac,2022,253.22,107.71
2022-11-26,Pauillac,2022,197.18,126.75
2022-11-27,Pauillac,2022,244.74,120.9
2022-11-28,Pauillac,2022,231.44,128.11
2022-11-29,Pauillac,2022,223.13,137.39
2022-11-30,Pauillac,2022,243.34,112.46
2022-12-01,Pauillac,2022,222.23,132.16
2022-12-02,Pauillac,2022,234.66,123.28
2022-12-03,Pauillac,2022,196.77,114.0
2022-12-04,Pauillac,2022,210.81,108.92
2022-12-05,Pauillac,2022,185.26,124.12
2022-12-06,Pauillac,2022,217.22,71.2
2022-12-07,Pauillac,2022,207.88,131.3
2022-12-08,Pauillac,2022,201.43,91.27
2022-12-09,Pauillac,2022,204.23,115.43
2022-12-10,Pauillac,2022,195.49,117.83
2022-12-11,Pauillac,2022,191.08,69.25
2022-12-12,Pauillac,2022,186.16,98.59
2022-12-13,Pauillac,2022,216.78,92.48
2022-12-14,Pauillac,2022,194.77,90.83
2022-12-15,Pauillac,2022,175.38,106.67
2022-12-16,Pauillac,2022,213.65,65.7
2022-12-17,Pauillac,2022,176.18,126.88
2022-12-18,Pauillac,2022,172.72,102.9
2022-12-19,Pauillac,2022,165.44,80.62
2022-12-20,Pauillac,2022,201.38,114.61
2022-12-21,Pauillac,2022,176.91,96.8
2022-12-22,Pauillac,2022,154.33,79.76
2022-12-23,Pauillac,2022,177.82,68.24
2022-12-24,Pauillac,2022,133.62,89.27
2022-12-25,Pauillac,2022,196.93,46.83
2022-12-26,Pauillac,2022,166.92,85.88
2022-12-27,Pauillac,2022,144.52,58.14
2022-12-28,Pauillac,2022,119.04,69.51
2022-12-29,Pauillac,2022,194.67,77.9
2022-12-30,Pauillac,2022,159.29,96.61
2022-12-31,Pauillac,2022,183.56,49.99
2023-01-01,Pauillac,2023,187.38,74.54
2023-01-02,Pauillac,2023,130.08,40.33
2023-01-03,Pauillac,2023,156.28,33.38
2023-01-04,Pauillac,2023,140.76,57.99
2023-01-05,Pauillac,2023,171.28,41.64
2023-01-06,Pauillac,2023,184.78,58.46
2023-01-07,Pauillac,2023,103.43,56.19
2023-01-08,Pauillac,2023,170.61,24.94
2023-01-09,Pauillac,2023,155.22,43.34
2023-01-10,Pauillac,2023,171.85,36.08
2023-01-11,Pauillac,2023,184.58,37.13
2023-01-12,Pauillac,2023,113.32,27.52
2023-01-13,Pauillac,2023,117.19,46.91
2023-01-14,Pauillac,2023,141.53,38.97
2023-01-15,Pauillac,2023,110.78,37.33
2023-01-16,Pauillac,2023,127.28,26.85
2023-01-17,Pauillac,2023,121.93,60.14
2023-01-18,Pauillac,2023,138.73,26.73
2023-01-19,Pauillac,2023,124.18,44.98
2023-01-20,Pauillac,2023,132.95,33.4
2023-01-21,Pauillac,2023,163.61,76.04
2023-01-22,Pauillac,2023,87.19,29.27
2023-01-23,Pauillac,2023,115.72,53.52
2023-01-24,Pauillac,2023,156.33,55.51
2023-01-25,Pauillac,2023,57.23,28.24
2023-01-26,Pauillac,2023,132.02,46.26
2023-01-27,Pauillac,2023,88.96,33.6
2023-01-28,Pauillac,2023,97.1,15.42
2023-01-29,Pauillac,2023,109.48,57.05
2023-01-30,Pauillac,2023,94.3,11.8
2023-01-31,Pauillac,2023,61.12,12.63
2023-02-01,Pauillac,2023,120.33,-1.69
2023-02-02,Pauillac,2023,123.8,46.98
2023-02-03,Pauillac,2023,100.88,3.32
2023-02-04,Pauillac,2023,110.92,20.13
2023-02-05,Pauillac,2023,90.36,17.72
2023-02-06,Pauillac,2023,83.54,32.63
2023-02-07,Pauillac,2023,132.5,30.44
2023-02-08,Pauillac,2023,90.68,32.97
2023-02-09,Pauillac,2023,74.3,4.94
2023-02-10,Pauillac,2023,45.69,20.45
2023-02-11,Pauillac,2023,95.55,31.84
2023-02-12,Pauillac,2023,76.12,24.39
2023-02-13,Pauillac,2023,71.22,32.45
2023-02-14,Pauillac,2023,41.86,41.2
2023-02-15,Pauillac,2023,70.24,10.19
2023-02-16,Pauillac,2023,53.81,6.1
2023-02-17,Pauillac,2023,99.3,17.44
2023-02-18,Pauillac,2023,101.61,18.88
2023-02-19,Pauillac,2023,68.35,-24.6
2023-02-20,Pauillac,2023,100.14,-1.96
2023-02-21,Pauillac,2023,42.21,10.3
2023-02-22,Pauillac,2023,28.84,-1.85
2023-02-23,Pauillac,2023,83.99,-0.12
2023-02-24,Pauillac,2023,52.14,10.6
2023-02-25,Pauillac,2023,86.69,8.8
2023-02-26,Pauillac,2023,118.03,-17.47
2023-02-27,Pauillac,2023,71.52,10.13
2023-02-28,Pauillac,2023,61.08,22.3
2023-03-01,Pauillac,2023,80.85,22.78
2023-03-02,Pauillac,2023,68.24,-2.88
2023-03-03,Pauillac,2023,50.74,-2.55
2023-03-04,Pauillac,2023,20.83,-18.2
2023-03-05,Pauillac,2023,48.49,-11.43
2023-03-06,Pauillac,2023,55.27,-15.97
2023-03-07,Pauillac,2023,57.75,14.01
2023-03-08,Pauillac,2023,77.93,-41.92
2023-03-09,Pauillac,2023,69.85,-6.91
2023-03-10,Pauillac,2023,56.15,-8.25
2023-03-11,Pauillac,2023,58.4,12.7
2023-03-12,Pauillac,2023,55.5,-3.99
2023-03-13,Pauillac,2023,43.59,0.93
2023-03-14,Pauillac,2023,54.31,7.5
2023-03-15,Pauillac,2023,78.08,14.12
2023-03-16,Pauillac,2023,84.02,32.46
2023-03-17,Pauillac,2023,56.82,-57.38
2023-03-18,Pauillac,2023,75.02,5.29
2023-03-19,Pauillac,2023,99.35,16.07
2023-03-20,Pauillac,2023,77.79,-27.85
2023-03-21,Pauillac,2023,102.97,-22.93
2023-03-22,Pauillac,2023,89.53,-15.83
2023-03-23,Pauillac,2023,72.8,-17.16
2023-03-24,Pauillac,2023,109.16,-8.35
2023-03-25,Pauillac,2023,95.43,-9.04
2023-03-26,Pauillac,2023,35.01,-3.99
2023-03-27,Pauillac,2023,88.89,-0.06
2023-03-28,Pauillac,2023,63.88,-8.43
2023-03-29,Pauillac,2023,46.74,-3.63
2023-03-30,Pauillac,2023,24.28,-2.69
2023-03-31,Pauillac,2023,30.85,-48.74
2023-04-01,Pauillac,2023,70.72,6.85
2023-04-02,Pauillac,2023,87.1,12.47
2023-04-03,Pauillac,2023,79.32,21.37
2023-04-04,Pauillac,2023,67.87,-6.76
2023-04-05,Pauillac,2023,106.38,-29.69
2023-04-06,Pauillac,2023,63.01,18.44
2023-04-07,Pauillac,2023,113.86,-22.29
2023-04-08,Pauillac,2023,39.88,-1.45
2023-04-09,Pauillac,2023,85.54,23.55
2023-04-10,Pauillac,2023,90.77,20.25
2023-04-11,Pauillac,2023,23.86,-2.63
2023-04-12,Pauillac,2023,81.76,-6.23
2023-04-13,Pauillac,2023,76.77,-1.05
2023-04-14,Pauillac,2023,50.87,28.34
2023-04-15,Pauillac,2023,87.25,11.51
2023-04-16,Pauillac,2023,75.37,1.08
2023-04-17,Pauillac,2023,62.94,24.62
2023-04-18,Pauillac,2023,46.38,7.26
2023-04-19,Pauillac,2023,43.53,14.55
2023-04-20,Pauillac,2023,85.9,13.18
2023-04-21,Pauillac,2023,80.88,-10.57
2023-04-22,Pauillac,2023,77.27,-34.61
2023-04-23,Pauillac,2023,80.07,-10.6
2023-04-24,Pauillac,2023,52.51,50.46
2023-04-25,Pauillac,2023,93.41,13.42
2023-04-26,Pauillac,2023,72.55,-5.71
2023-04-27,Pauillac,2023,64.41,22.75
2023-04-28,Pauillac,2023,105.13,-1.36
2023-04-29,Pauillac,2023,90.82,13.9
2023-04-30,Pauillac,2023,82.93,-22.32
2023-05-01,Pauillac,2023,51.49,11.51
2023-05-02,Pauillac,2023,113.17,23.37
2023-05-03,Pauillac,2023,69.32,-1.51
2023-05-04,Pauillac,2023,84.15,42.26
2023-05-05,Pauillac,2023,146.01,22.57
2023-05-06,Pauillac,2023,102.27,3.0
2023-05-07,Pauillac,2023,117.44,-14.79
2023-05-08,Pauillac,2023,97.98,23.46
2023-05-09,Pauillac,2023,64.93,-6.57
2023-05-10,Pauillac,2023,105.83,-5.52
2023-05-11,Pauillac,2023,69.73,35.87
2023-05-12,Pauillac,2023,52.95,50.44
2023-05-13,Pauillac,2023,76.16,-10.0
2023-05-14,Pauillac,2023,66.77,64.62
2023-05-15,Pauillac,2023,88.83,26.73
2023-05-16,Pauillac,2023,109.69,39.37
2023-05-17,Pauillac,2023,107.41,63.34
2023-05-18,Pauillac,2023,126.34,56.4
2023-05-19,Pauillac,2023,110.12,7.08
2023-05-20,Pauillac,2023,128.74,8.36
2023-05-21,Pauillac,2023,153.88,39.16
2023-05-22,Pauillac,2023,99.83,-3.79
2023-05-23,Pauillac,2023,127.08,36.03
2023-05-24,Pauillac,2023,100.57,24.97
2023-05-25,Pauillac,2023,159.82,66.25
2023-05-26,Pauillac,2023,133.49,49.1
2023-05-27,Pauillac,2023,162.54,36.65
2023-05-28,Pauillac,2023,162.41,54.03
2023-05-29,Pauillac,2023,104.21,50.87
2023-05-30,Pauillac,2023,128.6,32.45
2023-05-31,Pauillac,2023,143.46,47.63
2023-06-01,Pauillac,2023,104.44,100.61
2023-06-02,Pauillac,2023,144.05,60.38
2023-06-03,Pauillac,2023,136.57,26.09
2023-06-04,Pauillac,2023,180.83,86.7
2023-06-05,Pauillac,2023,108.63,62.18
2023-06-06,Pauillac,2023,163.03,80.48
2023-06-07,Pauillac,2023,169.33,84.72
2023-06-08,Pauillac,2023,146.37,64.2
2023-06-09,Pauillac,2023,164.12,108.49
2023-06-10,Pauillac,2023,195.58,32.25
2023-06-11,Pauillac,2023,147.02,29.45
2023-06-12,Pauillac,2023,164.3,68.92
2023-06-13,Pauillac,2023,156.67,67.27
2023-06-14,Pauillac,2023,178.01,72.9
2023-06-15,Pauillac,2023,170.07,79.53
2023-06-16,Pauillac,2023,153.94,91.44
2023-06-17,Pauillac,2023,128.3,109.37
2023-06-18,Pauillac,2023,230.9,59.43
2023-06-19,Pauillac,2023,208.05,81.61
2023-06-20,Pauillac,2023,124.61,86.9
2023-06-21,Pauillac,2023,198.04,114.44
2023-06-22,Pauillac,2023,144.61,80.49
2023-06-23,Pauillac,2023,147.23,73.22
2023-06-24,Pauillac,2023,187.89,60.35
2023-06-25,Pauillac,2023,130.67,81.26
2023-06-26,Pauillac,2023,186.88,100.84
2023-06-27,Pauillac,2023,176.05,107.38
2023-06-28,Pauillac,2023,238.21,104.04
2023-06-29,Pauillac,2023,203.78,94.19
2023-06-30,Pauillac,2023,199.29,108.36
2023-07-01,Pauillac,2023,207.5,62.75
2023-07-02,Pauillac,2023,198.09,133.74
2023-07-03,Pauillac,2023,203.62,91.27
2023-07-04,Pauillac,2023,195.72,87.21
2023-07-05,Pauillac,2023,240.0,112.56
2023-07-06,Pauillac,2023,205.12,73.81
2023-07-07,Pauillac,2023,157.44,108.14
2023-07-08,Pauillac,2023,195.41,128.14
2023-07-09,Pauillac,2023,165.68,119.52
2023-07-10,Pauillac,2023,214.12,98.32
2023-07-11,Pauillac,2023,243.56,128.73
2023-07-12,Pauillac,2023,220.21,129.35
2023-07-13,Pauillac,2023,251.01,88.7
2023-07-14,Pauillac,2023,213.4,125.95
2023-07-15,Pauillac,2023,215.76,131.52
2023-07-16,Pauillac,2023,234.6,108.91
2023-07-17,Pauillac,2023,247.47,134.46
2023-07-18,Pauillac,2023,240.0,137.59
2023-07-19,Pauillac,2023,217.75,127.07
2023-07-20,Pauillac,2023,257.88,122.92
2023-07-21,Pauillac,2023,232.1,157.27
2023-07-22,Pauillac,2023,236.81,143.38
2023-07-23,Pauillac,2023,250.6,146.7
2023-07-24,Pauillac,2023,233.46,132.81
2023-07-25,Pauillac,2023,192.4,124.84
2023-07-26,Pauillac,2023,255.44,133.82
2023-07-27,Pauillac,2023,263.29,132.41
2023-07-28,Pauillac,2023,192.14,124.53
2023-07-29,Pauillac,2023,259.65,125.43
2023-07-30,Pauillac,2023,254.92,113.43
2023-07-31,Pauillac,2023,258.29,110.81
2023-08-01,Pauillac,2023,280.28,141.0
2023-08-02,Pauillac,2023,267.97,140.32
2023-08-03,Pauillac,2023,283.67,151.64
2023-08-04,Pauillac,2023,264.34,160.75
2023-08-05,Pauillac,2023,239.97,149.05
2023-08-06,Pauillac,2023,227.56,134.26
2023-08-07,Pauillac,2023,255.66,146.29
2023-08-08,Pauillac,2023,299.48,150.1
2023-08-09,Pauillac,2023,267.58,146.76
2023-08-10,Pauillac,2023,307.58,169.91
2023-08-11,Pauillac,2023,230.72,155.66
2023-08-12,Pauillac,2023,304.96,145.59
2023-08-13,Pauillac,2023,255.2,154.14
2023-08-14,Pauillac,2023,270.79,151.21
2023-08-15,Pauillac,2023,257.23,148.59
2023-08-16,Pauillac,2023,261.21,147.65
2023-08-17,Pauillac,2023,276.38,174.85
2023-08-18,Pauillac,2023,275.97,154.43
2023-08-19,Pauillac,2023,285.69,135.57
2023-08-20,Pauillac,2023,286.38,162.46
2023-08-21,Pauillac,2023,249.45,164.33
2023-08-22,Pauillac,2023,294.72,163.39
2023-08-23,Pauillac,2023,320.2,149.55
2023-08-24,Pauillac,2023,306.32,155.98
2023-08-25,Pauillac,2023,299.33,134.03
2023-08-26,Pauillac,2023,302.46,163.34
2023-08-27,Pauillac,2023,295.68,167.57
2023-08-28,Pauillac,2023,317.02,186.82
2023-08-29,Pauillac,2023,339.37,169.37
2023-08-30,Pauillac,2023,320.32,168.66
2023-08-31,Pauillac,2023,262.53,149.2
2023-09-01,Pauillac,2023,312.85,174.42
2023-09-02,Pauillac,2023,278.43,170.03
2023-09-03,Pauillac,2023,284.77,133.69
2023-09-04,Pauillac,2023,325.16,116.77
2023-09-05,Pauillac,2023,330.91,214.85
2023-09-06,Pauillac,2023,248.21,141.32
2023-09-07,Pauillac,2023,328.05,154.41
2023-09-08,Pauillac,2023,267.57,173.02
2023-09-09,Pauillac,2023,333.69,143.75
2023-09-10,Pauillac,2023,264.58,168.01
2023-09-11,Pauillac,2023,327.62,145.98
2023-09-12,Pauillac,2023,302.28,152.91
2023-09-13,Pauillac,2023,281.76,177.77
2023-09-14,Pauillac,2023,331.15,185.75
2023-09-15,Pauillac,2023,320.89,181.44
2023-09-16,Pauillac,2023,296.23,201.98
2023-09-17,Pauillac,2023,306.09,159.21
2023-09-18,Pauillac,2023,252.87,154.02
2023-09-19,Pauillac,2023,297.28,175.24
2023-09-20,Pauillac,2023,304.61,178.64
2023-09-21,Pauillac,2023,298.12,162.68
2023-09-22,Pauillac,2023,299.49,176.14
2023-09-23,Pauillac,2023,319.03,155.85
2023-09-24,Pauillac,2023,338.29,171.99
2023-09-25,Pauillac,2023,294.13,175.19
2023-09-26,Pauillac,2023,299.69,165.75
2023-09-27,Pauillac,2023,305.28,166.2
2023-09-28,Pauillac,2023,293.75,142.36
2023-09-29,Pauillac,2023,269.03,166.22
2023-09-30,Pauillac,2023,324.2,204.07
2023-10-01,Pauillac,2023,252.44,182.22
2023-10-02,Pauillac,2023,292.06,179.19
2023-10-03,Pauillac,2023,310.82,173.16
2023-10-04,Pauillac,2023,291.96,158.56
2023-10-05,Pauillac,2023,264.05,148.09
2023-10-06,Pauillac,2023,283.83,171.52
2023-10-07,Pauillac,2023,301.32,163.73
2023-10-08,Pauillac,2023,307.58,176.31
2023-10-09,Pauillac,2023,287.12,146.33
2023-10-10,Pauillac,2023,314.61,164.4
2023-10-11,Pauillac,2023,284.81,151.41
2023-10-12,Pauillac,2023,326.09,164.17
2023-10-13,Pauillac,2023,322.57,162.42
2023-10-14,Pauillac,2023,292.75,156.7
2023-10-15,Pauillac,2023,246.21,170.44
2023-10-16,Pauillac,2023,323.37,140.44
2023-10-17,Pauillac,2023,306.72,144.71
2023-10-18,Pauillac,2023,283.5,164.03
2023-10-19,Pauillac,2023,305.4,168.44
2023-10-20,Pauillac,2023,291.21,158.32
2023-10-21,Pauillac,2023,281.53,185.44
2023-10-22,Pauillac,2023,293.84,139.44
2023-10-23,Pauillac,2023,258.95,132.72
2023-10-24,Pauillac,2023,300.98,138.37
2023-10-25,Pauillac,2023,287.53,146.15
2023-10-26,Pauillac,2023,247.5,153.25
2023-10-27,Pauillac,2023,311.26,115.01
2023-10-28,Pauillac,2023,249.25,169.91
2023-10-29,Pauillac,2023,266.43,147.65
2023-10-30,Pauillac,2023,295.47,157.67
2023-10-31,Pauillac,2023,281.32,163.75
2023-11-01,Pauillac,2023,257.3,153.89
2023-11-02,Pauillac,2023,276.55,137.23
2023-11-03,Pauillac,2023,233.54,151.03
2023-11-04,Pauillac,2023,250.11,160.33
2023-11-05,Pauillac,2023,254.58,151.69
2023-11-06,Pauillac,2023,210.28,132.32
2023-11-07,Pauillac,2023,244.02,116.69
2023-11-08,Pauillac,2023,295.86,139.81
2023-11-09,Pauillac,2023,278.03,136.29
2023-11-10,Pauillac,2023,294.83,119.84
2023-11-11,Pauillac,2023,269.33,153.91
2023-11-12,Pauillac,2023,267.49,110.94
2023-11-13,Pauillac,2023,275.17,94.69
2023-11-14,Pauillac,2023,258.67,103.67
2023-11-15,Pauillac,2023,221.9,167.12
2023-11-16,Pauillac,2023,231.44,165.74
2023-11-17,Pauillac,2023,248.3,141.36
2023-11-18,Pauillac,2023,243.13,142.63
2023-11-19,Pauillac,2023,239.88,107.24
2023-11-20,Pauillac,2023,203.83,126.22
2023-11-21,Pauillac,2023,225.18,105.8
2023-11-22,Pauillac,2023,234.46,113.33
2023-11-23,Pauillac,2023,243.13,112.27
2023-11-24,Pauillac,2023,205.12,108.34
2023-11-25,Pauillac,2023,192.45,115.77
2023-11-26,Pauillac,2023,232.88,101.07
2023-11-27,Pauillac,2023,240.6,135.84
2023-11-28,Pauillac,2023,228.89,111.07
2023-11-29,Pauillac,2023,209.06,102.66
2023-11-30,Pauillac,2023,216.2,128.32
2023-12-01,Pauillac,2023,189.25,109.38
2023-12-02,Pauillac,2023,216.78,124.54
2023-12-03,Pauillac,2023,247.97,96.97
2023-12-04,Pauillac,2023,230.16,97.53
2023-12-05,Pauillac,2023,245.22,102.98
2023-12-06,Pauillac,2023,217.23,117.22
2023-12-07,Pauillac,2023,229.89,119.17
2023-12-08,Pauillac,2023,197.16,98.66
2023-12-09,Pauillac,2023,246.07,74.28
2023-12-10,Pauillac,2023,235.94,111.62
2023-12-11,Pauillac,2023,242.83,69.24
2023-12-12,Pauillac,2023,184.62,111.25
2023-12-13,Pauillac,2023,175.66,134.0
2023-12-14,Pauillac,2023,239.27,113.44
2023-12-15,Pauillac,2023,182.42,102.58
2023-12-16,Pauillac,2023,195.07,72.1
2023-12-17,Pauillac,2023,206.82,104.39
2023-12-18,Pauillac,2023,199.3,76.77
2023-12-19,Pauillac,2023,203.11,123.04
2023-12-20,Pauillac,2023,213.69,50.61
2023-12-21,Pauillac,2023,156.16,65.12
2023-12-22,Pauillac,2023,162.68,69.32
2023-12-23,Pauillac,2023,141.15,65.72
2023-12-24,Pauillac,2023,201.25,99.77
2023-12-25,Pauillac,2023,192.13,52.7
2023-12-26,Pauillac,2023,216.37,94.61
2023-12-27,Pauillac,2023,165.88,82.98
2023-12-28,Pauillac,2023,140.19,64.75
2023-12-29,Pauillac,2023,185.92,88.92
2023-12-30,Pauillac,2023,163.03,111.56
2023-12-31,Pauillac,2023,153.02,75.03
2024-01-01,Pauillac,2024,194.65,70.93
2024-01-02,Pauillac,2024,210.6,64.63
2024-01-03,Pauillac,2024,166.55,69.81
2024-01-04,Pauillac,2024,187.86,40.73
2024-01-05,Pauillac,2024,128.96,55.15
2024-01-06,Pauillac,2024,218.49,54.87
2024-01-07,Pauillac,2024,169.53,77.52
2024-01-08,Pauillac,2024,122.12,23.29
2024-01-09,Pauillac,2024,158.02,75.08
2024-01-10,Pauillac,2024,114.57,55.51
2024-01-11,Pauillac,2024,151.28,60.81
2024-01-12,Pauillac,2024,110.98,46.12
2024-01-13,Pauillac,2024,136.89,27.99
2024-01-14,Pauillac,2024,148.04,16.47
2024-01-15,Pauillac,2024,132.04,38.38
2024-01-16,Pauillac,2024,88.96,40.57
2024-01-17,Pauillac,2024,113.56,39.29
2024-01-18,Pauillac,2024,144.9,22.3
2024-01-19,Pauillac,2024,103.11,32.96
2024-01-20,Pauillac,2024,147.51,49.08
2024-01-21,Pauillac,2024,100.33,20.48
2024-01-22,Pauillac,2024,111.62,58.73
2024-01-23,Pauillac,2024,110.43,44.54
2024-01-24,Pauillac,2024,144.41,56.04
2024-01-25,Pauillac,2024,124.03,25.94
2024-01-26,Pauillac,2024,78.47,44.55
2024-01-27,Pauillac,2024,139.64,33.05
2024-01-28,Pauillac,2024,90.64,22.71
2024-01-29,Pauillac,2024,108.54,-8.05
2024-01-30,Pauillac,2024,154.18,62.98
2024-01-31,Pauillac,2024,75.11,39.39
2024-02-01,Pauillac,2024,147.67,24.18
2024-02-02,Pauillac,2024,105.76,13.61
2024-02-03,Pauillac,2024,141.91,43.75
2024-02-04,Pauillac,2024,105.11,14.25
2024-02-05,Pauillac,2024,93.7,36.21
2024-02-06,Pauillac,2024,128.42,40.39
2024-02-07,Pauillac,2024,92.98,41.18
2024-02-08,Pauillac,2024,43.3,13.33
2024-02-09,Pauillac,2024,126.74,34.1
2024-02-10,Pauillac,2024,46.18,23.69
2024-02-11,Pauillac,2024,94.88,43.53
2024-02-12,Pauillac,2024,102.2,-7.78
2024-02-13,Pauillac,2024,98.8,33.19
2024-02-14,Pauillac,2024,93.58,51.78
2024-02-15,Pauillac,2024,86.69,29.45
2024-02-16,Pauillac,2024,105.8,17.76
2024-02-17,Pauillac,2024,89.16,-11.5
2024-02-18,Pauillac,2024,62.95,14.39
2024-02-19,Pauillac,2024,123.49,10.72
2024-02-20,Pauillac,2024,64.94,22.86
2024-02-21,Pauillac,2024,103.47,34.24
2024-02-22,Pauillac,2024,81.14,7.36
2024-02-23,Pauillac,2024,55.51,13.03
2024-02-24,Pauillac,2024,82.89,17.75
2024-02-25,Pauillac,2024,79.45,17.72
2024-02-26,Pauillac,2024,75.95,-10.78
2024-02-27,Pauillac,2024,98.88,11.15
2024-02-28,Pauillac,2024,78.21,4.12
2024-02-29,Pauillac,2024,70.82,14.72
2024-03-01,Pauillac,2024,94.02,18.02
2024-03-02,Pauillac,2024,38.37,31.4
2024-03-03,Pauillac,2024,52.05,41.42
2024-03-04,Pauillac,2024,53.49,4.98
2024-03-05,Pauillac,2024,100.41,17.84
2024-03-06,Pauillac,2024,82.08,-34.12
2024-03-07,Pauillac,2024,84.01,1.74
2024-03-08,Pauillac,2024,62.13,11.17
2024-03-09,Pauillac,2024,134.02,15.8
2024-03-10,Pauillac,2024,92.99,-25.36
2024-03-11,Pauillac,2024,54.56,-27.39
2024-03-12,Pauillac,2024,61.84,-29.09
2024-03-13,Pauillac,2024,82.37,-11.18
2024-03-14,Pauillac,2024,61.72,-34.81
2024-03-15,Pauillac,2024,59.42,-25.25
2024-03-16,Pauillac,2024,69.33,13.04
2024-03-17,Pauillac,2024,47.02,7.91
2024-03-18,Pauillac,2024,64.86,8.42
2024-03-19,Pauillac,2024,75.33,11.99
2024-03-20,Pauillac,2024,65.52,26.97
2024-03-21,Pauillac,2024,72.23,28.37
2024-03-22,Pauillac,2024,84.05,-13.55
2024-03-23,Pauillac,2024,102.14,29.66
2024-03-24,Pauillac,2024,59.97,5.47
2024-03-25,Pauillac,2024,62.57,15.05
2024-03-26,Pauillac,2024,22.8,7.5
2024-03-27,Pauillac,2024,78.77,-9.23
2024-03-28,Pauillac,2024,78.19,3.18
2024-03-29,Pauillac,2024,41.53,37.49
2024-03-30,Pauillac,2024,58.37,-40.16
2024-03-31,Pauillac,2024,57.63,-14.26
2024-04-01,Pauillac,2024,83.25,5.43
2024-04-02,Pauillac,2024,76.89,-3.08
2024-04-03,Pauillac,2024,59.85,7.3
2024-04-04,Pauillac,2024,6.53,18.93
2024-04-05,Pauillac,2024,37.8,-28.82
2024-04-06,Pauillac,2024,68.7,18.57
2024-04-07,Pauillac,2024,60.19,14.68
2024-04-08,Pauillac,2024,43.08,-40.69
2024-04-09,Pauillac,2024,62.77,20.33
2024-04-10,Pauillac,2024,64.14,24.93
2024-04-11,Pauillac,2024,68.87,11.09
2024-04-12,Pauillac,2024,86.48,-13.01
2024-04-13,Pauillac,2024,40.8,37.93
2024-04-14,Pauillac,2024,106.65,-14.69
2024-04-15,Pauillac,2024,52.49,57.85
2024-04-16,Pauillac,2024,68.28,-23.66
2024-04-17,Pauillac,2024,91.76,22.6
2024-04-18,Pauillac,2024,55.73,12.09
2024-04-19,Pauillac,2024,110.15,26.33
2024-04-20,Pauillac,2024,104.71,-0.33
2024-04-21,Pauillac,2024,87.64,17.18
2024-04-22,Pauillac,2024,41.17,14.67
2024-04-23,Pauillac,2024,115.75,13.74
2024-04-24,Pauillac,2024,95.5,46.36
2024-04-25,Pauillac,2024,80.23,6.22
2024-04-26,Pauillac,2024,75.04,10.11
2024-04-27,Pauillac,2024,115.96,10.17
2024-04-28,Pauillac,2024,113.47,40.04
2024-04-29,Pauillac,2024,96.48,18.1
2024-04-30,Pauillac,2024,71.09,12.27
2024-05-01,Pauillac,2024,98.41,52.72
2024-05-02,Pauillac,2024,66.72,33.79
2024-05-03,Pauillac,2024,99.98,7.07
2024-05-04,Pauillac,2024,92.22,47.75
2024-05-05,Pauillac,2024,128.76,17.79
2024-05-06,Pauillac,2024,88.87,-1.5
2024-05-07,Pauillac,2024,115.8,23.34
2024-05-08,Pauillac,2024,59.39,25.94
2024-05-09,Pauillac,2024,90.33,26.84
2024-05-10,Pauillac,2024,116.0,21.91
2024-05-11,Pauillac,2024,105.0,66.02
2024-05-12,Pauillac,2024,84.54,45.84
2024-05-13,Pauillac,2024,89.91,-12.18
2024-05-14,Pauillac,2024,73.79,30.86
2024-05-15,Pauillac,2024,110.93,25.0
2024-05-16,Pauillac,2024,90.91,18.43
2024-05-17,Pauillac,2024,93.61,29.94
2024-05-18,Pauillac,2024,118.66,59.4
2024-05-19,Pauillac,2024,120.31,55.46
2024-05-20,Pauillac,2024,127.32,17.11
2024-05-21,Pauillac,2024,100.76,0.98
2024-05-22,Pauillac,2024,86.71,59.29
2024-05-23,Pauillac,2024,118.34,43.53
2024-05-24,Pauillac,2024,86.54,66.11
2024-05-25,Pauillac,2024,98.35,45.97
2024-05-26,Pauillac,2024,124.3,36.92
2024-05-27,Pauillac,2024,136.75,69.2
2024-05-28,Pauillac,2024,126.9,54.56
2024-05-29,Pauillac,2024,132.25,41.59
2024-05-30,Pauillac,2024,109.6,27.46
2024-05-31,Pauillac,2024,102.84,49.44
2024-06-01,Pauillac,2024,154.93,62.94
2024-06-02,Pauillac,2024,102.7,63.77
2024-06-03,Pauillac,2024,168.79,80.84
2024-06-04,Pauillac,2024,133.41,67.74
2024-06-05,Pauillac,2024,141.94,50.81
2024-06-06,Pauillac,2024,127.43,49.19
2024-06-07,Pauillac,2024,149.35,70.27
2024-06-08,Pauillac,2024,169.63,41.27
2024-06-09,Pauillac,2024,107.53,95.69
2024-06-10,Pauillac,2024,93.23,68.98
2024-06-11,Pauillac,2024,161.63,101.66
2024-06-12,Pauillac,2024,140.81,60.89
2024-06-13,Pauillac,2024,165.56,42.39
2024-06-14,Pauillac,2024,146.87,51.63
2024-06-15,Pauillac,2024,203.85,62.46
2024-06-16,Pauillac,2024,178.72,99.54
2024-06-17,Pauillac,2024,154.61,69.45
2024-06-18,Pauillac,2024,183.77,71.49
2024-06-19,Pauillac,2024,213.56,129.15
2024-06-20,Pauillac,2024,207.65,40.12
2024-06-21,Pauillac,2024,216.38,76.07
2024-06-22,Pauillac,2024,202.08,86.92
2024-06-23,Pauillac,2024,205.88,96.58
2024-06-24,Pauillac,2024,178.48,79.14
2024-06-25,Pauillac,2024,180.72,83.02
2024-06-26,Pauillac,2024,209.36,101.89
2024-06-27,Pauillac,2024,162.23,86.1
2024-06-28,Pauillac,2024,161.36,52.5
2024-06-29,Pauillac,2024,193.98,107.57
2024-06-30,Pauillac,2024,223.46,79.38
2024-07-01,Pauillac,2024,182.28,113.73
2024-07-02,Pauillac,2024,222.21,108.61
2024-07-03,Pauillac,2024,181.5,113.58
2024-07-04,Pauillac,2024,229.81,80.14
2024-07-05,Pauillac,2024,203.95,101.8
2024-07-06,Pauillac,2024,210.32,101.34
2024-07-07,Pauillac,2024,199.81,106.37
2024-07-08,Pauillac,2024,185.69,90.42
2024-07-09,Pauillac,2024,225.08,145.97
2024-07-10,Pauillac,2024,219.35,100.65
2024-07-11,Pauillac,2024,238.79,123.97
2024-07-12,Pauillac,2024,191.75,124.13
2024-07-13,Pauillac,2024,238.63,117.33
2024-07-14,Pauillac,2024,220.16,112.37
2024-07-15,Pauillac,2024,278.92,93.84
2024-07-16,Pauillac,2024,226.92,145.27
2024-07-17,Pauillac,2024,248.44,165.06
2024-07-18,Pauillac,2024,201.69,120.46
2024-07-19,Pauillac,2024,207.61,110.11
2024-07-20,Pauillac,2024,171.58,139.25
2024-07-21,Pauillac,2024,263.79,131.09
2024-07-22,Pauillac,2024,250.5,121.06
2024-07-23,Pauillac,2024,249.79,148.77
2024-07-24,Pauillac,2024,216.03,131.2
2024-07-25,Pauillac,2024,258.62,96.16
2024-07-26,Pauillac,2024,235.5,146.84
2024-07-27,Pauillac,2024,276.9,114.89
2024-07-28,Pauillac,2024,269.61,147.9
2024-07-29,Pauillac,2024,230.37,119.58
2024-07-30,Pauillac,2024,267.97,94.43
2024-07-31,Pauillac,2024,250.42,115.79
2024-08-01,Pauillac,2024,293.32,157.55
2024-08-02,Pauillac,2024,294.15,115.51
2024-08-03,Pauillac,2024,276.44,145.98
2024-08-04,Pauillac,2024,244.17,142.79
2024-08-05,Pauillac,2024,280.53,133.13
2024-08-06,Pauillac,2024,285.49,158.64
2024-08-07,Pauillac,2024,293.87,129.03
2024-08-08,Pauillac,2024,273.66,141.71
2024-08-09,Pauillac,2024,244.12,172.82
2024-08-10,Pauillac,2024,265.17,165.67
2024-08-11,Pauillac,2024,271.87,145.68
2024-08-12,Pauillac,2024,244.01,136.59
2024-08-13,Pauillac,2024,282.63,131.67
2024-08-14,Pauillac,2024,323.91,148.83
2024-08-15,Pauillac,2024,255.09,164.1
2024-08-16,Pauillac,2024,270.05,147.18
2024-08-17,Pauillac,2024,278.53,170.74
2024-08-18,Pauillac,2024,283.55,172.13
2024-08-19,Pauillac,2024,263.69,138.35
2024-08-20,Pauillac,2024,292.24,163.25
2024-08-21,Pauillac,2024,278.52,142.72
2024-08-22,Pauillac,2024,289.56,142.79
2024-08-23,Pauillac,2024,302.69,160.01
2024-08-24,Pauillac,2024,301.98,173.64
2024-08-25,Pauillac,2024,268.58,157.81
2024-08-26,Pauillac,2024,288.78,141.67
2024-08-27,Pauillac,2024,267.28,162.98
2024-08-28,Pauillac,2024,315.63,158.68
2024-08-29,Pauillac,2024,232.85,163.58
2024-08-30,Pauillac,2024,284.48,160.22
2024-08-31,Pauillac,2024,339.26,138.58
2024-09-01,Pauillac,2024,287.69,151.43
2024-09-02,Pauillac,2024,274.63,197.05
2024-09-03,Pauillac,2024,296.06,193.92
2024-09-04,Pauillac,2024,302.52,187.6
2024-09-05,Pauillac,2024,243.54,165.46
2024-09-06,Pauillac,2024,294.34,181.31
2024-09-07,Pauillac,2024,285.23,185.68
2024-09-08,Pauillac,2024,276.18,148.11
2024-09-09,Pauillac,2024,343.56,174.18
2024-09-10,Pauillac,2024,313.19,127.6
2024-09-11,Pauillac,2024,313.76,159.2
2024-09-12,Pauillac,2024,296.44,162.15
2024-09-13,Pauillac,2024,254.01,141.5
2024-09-14,Pauillac,2024,282.58,130.73
2024-09-15,Pauillac,2024,299.28,188.53
2024-09-16,Pauillac,2024,317.4,174.77
2024-09-17,Pauillac,2024,336.28,171.41
2024-09-18,Pauillac,2024,343.56,161.38
2024-09-19,Pauillac,2024,290.29,145.57
2024-09-20,Pauillac,2024,251.41,157.76
2024-09-21,Pauillac,2024,287.9,160.18
2024-09-22,Pauillac,2024,290.56,171.81
2024-09-23,Pauillac,2024,347.4,167.35
2024-09-24,Pauillac,2024,310.06,200.03
2024-09-25,Pauillac,2024,272.14,175.27
2024-09-26,Pauillac,2024,343.24,141.07
2024-09-27,Pauillac,2024,315.86,184.45
2024-09-28,Pauillac,2024,297.71,177.01
2024-09-29,Pauillac,2024,277.24,160.82
2024-09-30,Pauillac,2024,266.46,184.41
2024-10-01,Pauillac,2024,266.8,145.18
2024-10-02,Pauillac,2024,292.72,180.58
2024-10-03,Pauillac,2024,314.95,131.55
2024-10-04,Pauillac,2024,325.44,157.85
2024-10-05,Pauillac,2024,314.24,138.7
2024-10-06,Pauillac,2024,266.45,146.6
2024-10-07,Pauillac,2024,345.83,151.51
2024-10-08,Pauillac,2024,328.18,193.49
2024-10-09,Pauillac,2024,337.02,180.82
2024-10-10,Pauillac,2024,291.83,181.54
2024-10-11,Pauillac,2024,304.25,150.37
2024-10-12,Pauillac,2024,262.86,144.11
2024-10-13,Pauillac,2024,291.76,185.1
2024-10-14,Pauillac,2024,283.88,164.28
2024-10-15,Pauillac,2024,259.47,157.4
2024-10-16,Pauillac,2024,266.95,159.84
2024-10-17,Pauillac,2024,238.87,189.36
2024-10-18,Pauillac,2024,237.4,144.91
2024-10-19,Pauillac,2024,314.83,134.6
2024-10-20,Pauillac,2024,287.27,163.63
2024-10-21,Pauillac,2024,304.47,118.15
2024-10-22,Pauillac,2024,292.17,173.7
2024-10-23,Pauillac,2024,302.4,142.48
2024-10-24,Pauillac,2024,310.67,126.89
2024-10-25,Pauillac,2024,267.03,167.22
2024-10-26,Pauillac,2024,235.99,184.05
2024-10-27,Pauillac,2024,280.08,116.85
2024-10-28,Pauillac,2024,263.85,154.05
2024-10-29,Pauillac,2024,250.21,128.83
2024-10-30,Pauillac,2024,214.64,182.0
2024-10-31,Pauillac,2024,237.36,150.38
2024-11-01,Pauillac,2024,265.7,156.42
2024-11-02,Pauillac,2024,309.61,167.14
2024-11-03,Pauillac,2024,231.46,175.25
2024-11-04,Pauillac,2024,251.81,155.36
2024-11-05,Pauillac,2024,272.14,142.22
2024-11-06,Pauillac,2024,258.1,131.27
2024-11-07,Pauillac,2024,260.48,156.89
2024-11-08,Pauillac,2024,299.63,136.42
2024-11-09,Pauillac,2024,244.24,135.69
2024-11-10,Pauillac,2024,254.45,131.55
2024-11-11,Pauillac,2024,287.08,179.56
2024-11-12,Pauillac,2024,244.19,125.72
2024-11-13,Pauillac,2024,237.84,94.01
2024-11-14,Pauillac,2024,239.43,139.27
2024-11-15,Pauillac,2024,247.08,141.4
2024-11-16,Pauillac,2024,214.3,135.8
2024-11-17,Pauillac,2024,254.32,89.69
2024-11-18,Pauillac,2024,220.33,118.26
2024-11-19,Pauillac,2024,255.54,103.69
2024-11-20,Pauillac,2024,262.92,133.51
2024-11-21,Pauillac,2024,245.73,122.16
2024-11-22,Pauillac,2024,245.04,141.06
2024-11-23,Pauillac,2024,200.52,120.13
2024-11-24,Pauillac,2024,284.67,107.03
2024-11-25,Pauillac,2024,221.14,133.27
2024-11-26,Pauillac,2024,206.25,132.58
2024-11-27,Pauillac,2024,261.57,93.45
2024-11-28,Pauillac,2024,245.68,133.16
2024-11-29,Pauillac,2024,208.66,104.73
2024-11-30,Pauillac,2024,225.81,151.48
2024-12-01,Pauillac,2024,199.89,106.69
2024-12-02,Pauillac,2024,213.99,101.8
2024-12-03,Pauillac,2024,251.59,89.96
2024-12-04,Pauillac,2024,196.55,94.04
2024-12-05,Pauillac,2024,206.17,73.62
2024-12-06,Pauillac,2024,200.76,105.49
2024-12-07,Pauillac,2024,194.96,121.51
2024-12-08,Pauillac,2024,202.75,102.1
2024-12-09,Pauillac,2024,217.04,121.01
2024-12-10,Pauillac,2024,228.59,122.83
2024-12-11,Pauillac,2024,215.03,88.27
2024-12-12,Pauillac,2024,161.4,96.97
2024-12-13,Pauillac,2024,189.52,92.8
2024-12-14,Pauillac,2024,169.73,94.35
2024-12-15,Pauillac,2024,186.21,112.03
2024-12-16,Pauillac,2024,202.43,106.9
2024-12-17,Pauillac,2024,197.07,91.15
2024-12-18,Pauillac,2024,224.71,93.11
2024-12-19,Pauillac,2024,134.61,67.29
2024-12-20,Pauillac,2024,186.86,96.52
2024-12-21,Pauillac,2024,146.31,66.9
2024-12-22,Pauillac,2024,210.69,77.92
2024-12-23,Pauillac,2024,189.85,57.76
2024-12-24,Pauillac,2024,172.28,109.06
2024-12-25,Pauillac,2024,172.07,73.43
2024-12-26,Pauillac,2024,187.89,90.7
2024-12-27,Pauillac,2024,163.59,48.99
2024-12-28,Pauillac,2024,168.65,92.27
2024-12-29,Pauillac,2024,189.75,83.3
2024-12-30,Pauillac,2024,133.32,75.46
2024-12-31,Pauillac,2024,180.44,77.55
